{
  "Go_to_link" : {
    "transaction" : "Go_to_link",
    "sampleCount" : 1803,
    "errorCount" : 0,
    "errorPct" : 0.0,
    "meanResTime" : 5.54686633388797,
    "minResTime" : 0.0,
    "maxResTime" : 131.0,
    "pct1ResTime" : 6.0,
    "pct2ResTime" : 7.0,
    "pct3ResTime" : 14.960000000000036,
    "throughput" : 6.000698916679148,
    "receivedKBytesPerSec" : 132.75625254813374,
    "sentKBytesPerSec" : 1.962030467358927
  },
  "go_to_guestbook" : {
    "transaction" : "go_to_guestbook",
    "sampleCount" : 1802,
    "errorCount" : 0,
    "errorPct" : 0.0,
    "meanResTime" : 4.967258601553846,
    "minResTime" : 2.0,
    "maxResTime" : 36.0,
    "pct1ResTime" : 5.0,
    "pct2ResTime" : 6.0,
    "pct3ResTime" : 11.0,
    "throughput" : 6.002444947053906,
    "receivedKBytesPerSec" : 24.103567990513337,
    "sentKBytesPerSec" : 2.309534481581288
  },
  "appear_comment" : {
    "transaction" : "appear_comment",
    "sampleCount" : 1802,
    "errorCount" : 86,
    "errorPct" : 4.7724752,
    "meanResTime" : 2.5110987791342945,
    "minResTime" : 1.0,
    "maxResTime" : 44.0,
    "pct1ResTime" : 4.0,
    "pct2ResTime" : 5.0,
    "pct3ResTime" : 19.970000000000027,
    "throughput" : 6.0029448408653305,
    "receivedKBytesPerSec" : 33.83759816309721,
    "sentKBytesPerSec" : 1.7469507447049497
  },
  "go_to_link_2" : {
    "transaction" : "go_to_link_2",
    "sampleCount" : 16,
    "errorCount" : 0,
    "errorPct" : 0.0,
    "meanResTime" : 10.124999999999998,
    "minResTime" : 5.0,
    "maxResTime" : 62.0,
    "pct1ResTime" : 25.600000000000037,
    "pct2ResTime" : 62.0,
    "pct3ResTime" : 62.0,
    "throughput" : 0.05695612242718516,
    "receivedKBytesPerSec" : 1.2607660420478572,
    "sentKBytesPerSec" : 0.018633106458112333
  },
  "Guestbook" : {
    "transaction" : "Guestbook",
    "sampleCount" : 16,
    "errorCount" : 0,
    "errorPct" : 0.0,
    "meanResTime" : 33.1875,
    "minResTime" : 3.0,
    "maxResTime" : 380.0,
    "pct1ResTime" : 138.50000000000023,
    "pct2ResTime" : 380.0,
    "pct3ResTime" : 380.0,
    "throughput" : 0.056970724169117595,
    "receivedKBytesPerSec" : 0.4831558320663282,
    "sentKBytesPerSec" : 0.01657937090077836
  },
  "send_comment" : {
    "transaction" : "send_comment",
    "sampleCount" : 1802,
    "errorCount" : 86,
    "errorPct" : 4.7724752,
    "meanResTime" : 4.214206437291906,
    "minResTime" : 1.0,
    "maxResTime" : 64.0,
    "pct1ResTime" : 10.0,
    "pct2ResTime" : 19.0,
    "pct3ResTime" : 32.97000000000003,
    "throughput" : 6.002684885692491,
    "receivedKBytesPerSec" : 1.8537865975985928,
    "sentKBytesPerSec" : 3.60406763513536
  },
  "Go_to_link_2" : {
    "transaction" : "Go_to_link_2",
    "sampleCount" : 17,
    "errorCount" : 0,
    "errorPct" : 0.0,
    "meanResTime" : 9.52941176470588,
    "minResTime" : 0.0,
    "maxResTime" : 62.0,
    "pct1ResTime" : 20.399999999999963,
    "pct2ResTime" : 62.0,
    "pct3ResTime" : 62.0,
    "throughput" : 0.060480356336028857,
    "receivedKBytesPerSec" : 1.260025953188204,
    "sentKBytesPerSec" : 0.018622168540964767
  },
  "go_to_clients" : {
    "transaction" : "go_to_clients",
    "sampleCount" : 1802,
    "errorCount" : 0,
    "errorPct" : 0.0,
    "meanResTime" : 4.98057713651498,
    "minResTime" : 2.0,
    "maxResTime" : 40.0,
    "pct1ResTime" : 5.0,
    "pct2ResTime" : 6.0,
    "pct3ResTime" : 10.970000000000027,
    "throughput" : 6.002125058705579,
    "receivedKBytesPerSec" : 35.960059102154375,
    "sentKBytesPerSec" : 2.227351096004024
  },
  "Go_to_clients" : {
    "transaction" : "Go_to_clients",
    "sampleCount" : 1802,
    "errorCount" : 0,
    "errorPct" : 0.0,
    "meanResTime" : 4.98057713651498,
    "minResTime" : 2.0,
    "maxResTime" : 40.0,
    "pct1ResTime" : 5.0,
    "pct2ResTime" : 6.0,
    "pct3ResTime" : 10.970000000000027,
    "throughput" : 6.002125058705579,
    "receivedKBytesPerSec" : 35.960059102154375,
    "sentKBytesPerSec" : 2.227351096004024
  },
  "guestbook" : {
    "transaction" : "guestbook",
    "sampleCount" : 16,
    "errorCount" : 0,
    "errorPct" : 0.0,
    "meanResTime" : 6.000000000000001,
    "minResTime" : 2.0,
    "maxResTime" : 17.0,
    "pct1ResTime" : 15.600000000000001,
    "pct2ResTime" : 17.0,
    "pct3ResTime" : 17.0,
    "throughput" : 0.056971129879933344,
    "receivedKBytesPerSec" : 0.4824638244452436,
    "sentKBytesPerSec" : 0.016579488968964978
  },
  "JDBC Request" : {
    "transaction" : "JDBC Request",
    "sampleCount" : 31,
    "errorCount" : 0,
    "errorPct" : 0.0,
    "meanResTime" : 14.677419354838712,
    "minResTime" : 1.0,
    "maxResTime" : 363.0,
    "pct1ResTime" : 9.8,
    "pct2ResTime" : 164.99999999999955,
    "pct3ResTime" : 363.0,
    "throughput" : 0.11038745998454576,
    "receivedKBytesPerSec" : 0.0012483964886105068,
    "sentKBytesPerSec" : 0.0
  },
  "go_to_link" : {
    "transaction" : "go_to_link",
    "sampleCount" : 1802,
    "errorCount" : 0,
    "errorPct" : 0.0,
    "meanResTime" : 5.549944506104334,
    "minResTime" : 3.0,
    "maxResTime" : 131.0,
    "pct1ResTime" : 6.0,
    "pct2ResTime" : 7.0,
    "pct3ResTime" : 14.970000000000027,
    "throughput" : 6.0008458461958565,
    "receivedKBytesPerSec" : 132.83317655832175,
    "sentKBytesPerSec" : 1.9631673422613398
  },
  "Total" : {
    "transaction" : "Total",
    "sampleCount" : 9089,
    "errorCount" : 172,
    "errorPct" : 1.8923974,
    "meanResTime" : 4.4944438332049454,
    "minResTime" : 1.0,
    "maxResTime" : 363.0,
    "pct1ResTime" : 6.0,
    "pct2ResTime" : 7.0,
    "pct3ResTime" : 23.0,
    "throughput" : 30.264686980757,
    "receivedKBytesPerSec" : 230.3875304834142,
    "sentKBytesPerSec" : 11.900049312476483
  },
  "Go_to_guestbook" : {
    "transaction" : "Go_to_guestbook",
    "sampleCount" : 1802,
    "errorCount" : 0,
    "errorPct" : 0.0,
    "meanResTime" : 4.967258601553846,
    "minResTime" : 2.0,
    "maxResTime" : 36.0,
    "pct1ResTime" : 5.0,
    "pct2ResTime" : 6.0,
    "pct3ResTime" : 11.0,
    "throughput" : 6.002384965391354,
    "receivedKBytesPerSec" : 24.103327126649656,
    "sentKBytesPerSec" : 2.3095114026994077
  },
  "Go_to_guestbook_2" : {
    "transaction" : "Go_to_guestbook_2",
    "sampleCount" : 16,
    "errorCount" : 0,
    "errorPct" : 0.0,
    "meanResTime" : 5.687500000000001,
    "minResTime" : 4.0,
    "maxResTime" : 11.0,
    "pct1ResTime" : 8.900000000000002,
    "pct2ResTime" : 11.0,
    "pct3ResTime" : 11.0,
    "throughput" : 0.05696991276482108,
    "receivedKBytesPerSec" : 0.22876980594623464,
    "sentKBytesPerSec" : 0.02125244792593911
  },
  "Send_comment" : {
    "transaction" : "Send_comment",
    "sampleCount" : 1802,
    "errorCount" : 86,
    "errorPct" : 4.7724752,
    "meanResTime" : 6.725305216426198,
    "minResTime" : 2.0,
    "maxResTime" : 67.0,
    "pct1ResTime" : 15.0,
    "pct2ResTime" : 24.0,
    "pct3ResTime" : 39.940000000000055,
    "throughput" : 6.002624899234515,
    "receivedKBytesPerSec" : 35.68956277772966,
    "sentKBytesPerSec" : 5.350889255401363
  },
  "go_to_guestbook_2" : {
    "transaction" : "go_to_guestbook_2",
    "sampleCount" : 16,
    "errorCount" : 0,
    "errorPct" : 0.0,
    "meanResTime" : 5.687500000000001,
    "minResTime" : 4.0,
    "maxResTime" : 11.0,
    "pct1ResTime" : 8.900000000000002,
    "pct2ResTime" : 11.0,
    "pct3ResTime" : 11.0,
    "throughput" : 0.05696991276482108,
    "receivedKBytesPerSec" : 0.22876980594623464,
    "sentKBytesPerSec" : 0.02125244792593911
  }
}