{
  "Go_to_link" : {
    "transaction" : "Go_to_link",
    "sampleCount" : 307,
    "errorCount" : 0,
    "errorPct" : 0.0,
    "meanResTime" : 12.117263843648217,
    "minResTime" : 3.0,
    "maxResTime" : 64.0,
    "pct1ResTime" : 16.0,
    "pct2ResTime" : 16.0,
    "pct3ResTime" : 19.0,
    "throughput" : 1.0227708093881698,
    "receivedKBytesPerSec" : 22.63979095351723,
    "sentKBytesPerSec" : 0.3345978722119501
  },
  "go_to_guestbook" : {
    "transaction" : "go_to_guestbook",
    "sampleCount" : 305,
    "errorCount" : 0,
    "errorPct" : 0.0,
    "meanResTime" : 10.688524590163937,
    "minResTime" : 4.0,
    "maxResTime" : 18.0,
    "pct1ResTime" : 14.400000000000034,
    "pct2ResTime" : 15.0,
    "pct3ResTime" : 17.0,
    "throughput" : 1.0179832583474626,
    "receivedKBytesPerSec" : 4.087839021801529,
    "sentKBytesPerSec" : 0.3915676253788232
  },
  "appear_comment" : {
    "transaction" : "appear_comment",
    "sampleCount" : 302,
    "errorCount" : 0,
    "errorPct" : 0.0,
    "meanResTime" : 5.3841059602649075,
    "minResTime" : 2.0,
    "maxResTime" : 55.0,
    "pct1ResTime" : 7.699999999999989,
    "pct2ResTime" : 8.0,
    "pct3ResTime" : 11.0,
    "throughput" : 1.0078458463068456,
    "receivedKBytesPerSec" : 4.014348480430437,
    "sentKBytesPerSec" : 0.29329888886664063
  },
  "Guestbook" : {
    "transaction" : "Guestbook",
    "sampleCount" : 3,
    "errorCount" : 0,
    "errorPct" : 0.0,
    "meanResTime" : 79.0,
    "minResTime" : 23.0,
    "maxResTime" : 188.0,
    "pct1ResTime" : 188.0,
    "pct2ResTime" : 188.0,
    "pct3ResTime" : 188.0,
    "throughput" : 0.01663708961845608,
    "receivedKBytesPerSec" : 0.060298618428349604,
    "sentKBytesPerSec" : 0.004841653033496008
  },
  "send_comment" : {
    "transaction" : "send_comment",
    "sampleCount" : 302,
    "errorCount" : 14,
    "errorPct" : 4.6357617,
    "meanResTime" : 8.172185430463575,
    "minResTime" : 2.0,
    "maxResTime" : 315.0,
    "pct1ResTime" : 9.0,
    "pct2ResTime" : 15.849999999999966,
    "pct3ResTime" : 94.85999999999888,
    "throughput" : 1.0076508056201559,
    "receivedKBytesPerSec" : 0.30972632750486306,
    "sentKBytesPerSec" : 0.6054643837564688
  },
  "go_to_clients" : {
    "transaction" : "go_to_clients",
    "sampleCount" : 302,
    "errorCount" : 0,
    "errorPct" : 0.0,
    "meanResTime" : 10.735099337748336,
    "minResTime" : 4.0,
    "maxResTime" : 27.0,
    "pct1ResTime" : 14.0,
    "pct2ResTime" : 15.0,
    "pct3ResTime" : 17.96999999999997,
    "throughput" : 1.0083135788454476,
    "receivedKBytesPerSec" : 6.041019342008615,
    "sentKBytesPerSec" : 0.3741788671496778
  },
  "Go_to_clients" : {
    "transaction" : "Go_to_clients",
    "sampleCount" : 303,
    "errorCount" : 0,
    "errorPct" : 0.0,
    "meanResTime" : 10.69966996699669,
    "minResTime" : 0.0,
    "maxResTime" : 27.0,
    "pct1ResTime" : 14.0,
    "pct2ResTime" : 15.0,
    "pct3ResTime" : 17.95999999999998,
    "throughput" : 1.0097980403919218,
    "receivedKBytesPerSec" : 6.0299463544791045,
    "sentKBytesPerSec" : 0.37349300973138705
  },
  "guestbook" : {
    "transaction" : "guestbook",
    "sampleCount" : 3,
    "errorCount" : 0,
    "errorPct" : 0.0,
    "meanResTime" : 8.666666666666666,
    "minResTime" : 4.0,
    "maxResTime" : 13.0,
    "pct1ResTime" : 13.0,
    "pct2ResTime" : 13.0,
    "pct3ResTime" : 13.0,
    "throughput" : 0.016638658258598026,
    "receivedKBytesPerSec" : 0.06010931945114613,
    "sentKBytesPerSec" : 0.0048421095322873165
  },
  "JDBC Request" : {
    "transaction" : "JDBC Request",
    "sampleCount" : 6,
    "errorCount" : 0,
    "errorPct" : 0.0,
    "meanResTime" : 35.833333333333336,
    "minResTime" : 1.0,
    "maxResTime" : 179.0,
    "pct1ResTime" : 179.0,
    "pct2ResTime" : 179.0,
    "pct3ResTime" : 179.0,
    "throughput" : 0.029952375722601066,
    "receivedKBytesPerSec" : 3.266290972353957E-4,
    "sentKBytesPerSec" : 0.0
  },
  "go_to_link" : {
    "transaction" : "go_to_link",
    "sampleCount" : 307,
    "errorCount" : 0,
    "errorPct" : 0.0,
    "meanResTime" : 12.117263843648217,
    "minResTime" : 3.0,
    "maxResTime" : 64.0,
    "pct1ResTime" : 16.0,
    "pct2ResTime" : 16.0,
    "pct3ResTime" : 19.0,
    "throughput" : 1.0228866728195356,
    "receivedKBytesPerSec" : 22.642355676562904,
    "sentKBytesPerSec" : 0.3346357767524848
  },
  "Total" : {
    "transaction" : "Total",
    "sampleCount" : 1815,
    "errorCount" : 14,
    "errorPct" : 0.77134985,
    "meanResTime" : 8.043526170798897,
    "minResTime" : 0.0,
    "maxResTime" : 315.0,
    "pct1ResTime" : 14.0,
    "pct2ResTime" : 15.0,
    "pct3ResTime" : 19.0,
    "throughput" : 6.047359319763703,
    "receivedKBytesPerSec" : 39.95525794882069,
    "sentKBytesPerSec" : 1.999276722081358
  },
  "Go_to_guestbook" : {
    "transaction" : "Go_to_guestbook",
    "sampleCount" : 306,
    "errorCount" : 0,
    "errorPct" : 0.0,
    "meanResTime" : 10.653594771241831,
    "minResTime" : 0.0,
    "maxResTime" : 18.0,
    "pct1ResTime" : 14.300000000000011,
    "pct2ResTime" : 15.0,
    "pct3ResTime" : 17.0,
    "throughput" : 1.0216346153846154,
    "receivedKBytesPerSec" : 4.089094634748932,
    "sentKBytesPerSec" : 0.39168789855435365
  },
  "Send_comment" : {
    "transaction" : "Send_comment",
    "sampleCount" : 302,
    "errorCount" : 14,
    "errorPct" : 4.6357617,
    "meanResTime" : 13.559602649006623,
    "minResTime" : 4.0,
    "maxResTime" : 317.0,
    "pct1ResTime" : 16.0,
    "pct2ResTime" : 23.0,
    "pct3ResTime" : 97.85999999999888,
    "throughput" : 1.007966944024458,
    "receivedKBytesPerSec" : 4.32465432491247,
    "sentKBytesPerSec" : 0.8989884711694753
  },
  "OK" : {
    "transaction" : "OK",
    "sampleCount" : 288,
    "errorCount" : 0,
    "errorPct" : 0.0,
    "meanResTime" : 0.14583333333333337,
    "minResTime" : 0.0,
    "maxResTime" : 1.0,
    "pct1ResTime" : 1.0,
    "pct2ResTime" : 1.0,
    "pct3ResTime" : 1.0,
    "throughput" : 0.9627277285642654,
    "receivedKBytesPerSec" : 2.8594396362610732,
    "sentKBytesPerSec" : 0.0
  }
}