timeStamp,elapsed,label,responseCode,responseMessage,threadName,dataType,success,failureMessage,bytes,sentBytes,grpThreads,allThreads,URL,Latency,IdleTime,Connect
1585494563152,64909,localhost Memory,,,,,true,,0,0,0,0,null,0,0,0
1585494563152,14029,localhost CPU,,,,,true,,0,0,0,0,null,0,0,0
1585494563152,0,localhost Disks I/O,,,,,true,,0,0,0,0,null,0,0,0
1585494564155,64892,localhost Memory,,,,,true,,0,0,0,0,null,0,0,0
1585494564155,6248,localhost CPU,,,,,true,,0,0,0,0,null,0,0,0
1585494564155,0,localhost Disks I/O,,,,,true,,0,0,0,0,null,0,0,0
1585494565156,64329,localhost Memory,,,,,true,,0,0,0,0,null,0,0,0
1585494565156,6251,localhost CPU,,,,,true,,0,0,0,0,null,0,0,0
1585494565156,0,localhost Disks I/O,,,,,true,,0,0,0,0,null,0,0,0
1585494566156,64327,localhost Memory,,,,,true,,0,0,0,0,null,0,0,0
1585494566156,5872,localhost CPU,,,,,true,,0,0,0,0,null,0,0,0
1585494566156,0,localhost Disks I/O,,,,,true,,0,0,0,0,null,0,0,0
1585494567160,64329,localhost Memory,,,,,true,,0,0,0,0,null,0,0,0
1585494567160,2762,localhost CPU,,,,,true,,0,0,0,0,null,0,0,0
1585494567160,0,localhost Disks I/O,,,,,true,,0,0,0,0,null,0,0,0
1585494568160,64329,localhost Memory,,,,,true,,0,0,0,0,null,0,0,0
1585494568160,6875,localhost CPU,,,,,true,,0,0,0,0,null,0,0,0
1585494568160,0,localhost Disks I/O,,,,,true,,0,0,0,0,null,0,0,0
1585494569164,64329,localhost Memory,,,,,true,,0,0,0,0,null,0,0,0
1585494569164,5122,localhost CPU,,,,,true,,0,0,0,0,null,0,0,0
1585494569164,0,localhost Disks I/O,,,,,true,,0,0,0,0,null,0,0,0
1585494570165,64329,localhost Memory,,,,,true,,0,0,0,0,null,0,0,0
1585494570165,4693,localhost CPU,,,,,true,,0,0,0,0,null,0,0,0
1585494570165,0,localhost Disks I/O,,,,,true,,0,0,0,0,null,0,0,0
1585494571165,64328,localhost Memory,,,,,true,,0,0,0,0,null,0,0,0
1585494571165,7711,localhost CPU,,,,,true,,0,0,0,0,null,0,0,0
1585494571165,0,localhost Disks I/O,,,,,true,,0,0,0,0,null,0,0,0
1585494572167,64327,localhost Memory,,,,,true,,0,0,0,0,null,0,0,0
1585494572167,4358,localhost CPU,,,,,true,,0,0,0,0,null,0,0,0
1585494572167,0,localhost Disks I/O,,,,,true,,0,0,0,0,null,0,0,0
1585494573168,64327,localhost Memory,,,,,true,,0,0,0,0,null,0,0,0
1585494573168,5384,localhost CPU,,,,,true,,0,0,0,0,null,0,0,0
1585494573168,0,localhost Disks I/O,,,,,true,,0,0,0,0,null,0,0,0
1585494574171,64327,localhost Memory,,,,,true,,0,0,0,0,null,0,0,0
1585494574171,1599,localhost CPU,,,,,true,,0,0,0,0,null,0,0,0
1585494574171,0,localhost Disks I/O,,,,,true,,0,0,0,0,null,0,0,0
1585494575171,64327,localhost Memory,,,,,true,,0,0,0,0,null,0,0,0
1585494575171,3486,localhost CPU,,,,,true,,0,0,0,0,null,0,0,0
1585494575171,0,localhost Disks I/O,,,,,true,,0,0,0,0,null,0,0,0
1585494576172,64326,localhost Memory,,,,,true,,0,0,0,0,null,0,0,0
1585494576172,4737,localhost CPU,,,,,true,,0,0,0,0,null,0,0,0
1585494576172,0,localhost Disks I/O,,,,,true,,0,0,0,0,null,0,0,0
1585494577174,64325,localhost Memory,,,,,true,,0,0,0,0,null,0,0,0
1585494577174,4602,localhost CPU,,,,,true,,0,0,0,0,null,0,0,0
1585494577174,0,localhost Disks I/O,,,,,true,,0,0,0,0,null,0,0,0
1585494578175,64337,localhost Memory,,,,,true,,0,0,0,0,null,0,0,0
1585494578175,4736,localhost CPU,,,,,true,,0,0,0,0,null,0,0,0
1585494578175,0,localhost Disks I/O,,,,,true,,0,0,0,0,null,0,0,0
1585494579176,64336,localhost Memory,,,,,true,,0,0,0,0,null,0,0,0
1585494579176,2679,localhost CPU,,,,,true,,0,0,0,0,null,0,0,0
1585494579176,0,localhost Disks I/O,,,,,true,,0,0,0,0,null,0,0,0
1585494580178,64336,localhost Memory,,,,,true,,0,0,0,0,null,0,0,0
1585494580178,4723,localhost CPU,,,,,true,,0,0,0,0,null,0,0,0
1585494580178,0,localhost Disks I/O,,,,,true,,0,0,0,0,null,0,0,0
1585494581181,64336,localhost Memory,,,,,true,,0,0,0,0,null,0,0,0
1585494581181,3125,localhost CPU,,,,,true,,0,0,0,0,null,0,0,0
1585494581181,0,localhost Disks I/O,,,,,true,,0,0,0,0,null,0,0,0
1585494582185,64336,localhost Memory,,,,,true,,0,0,0,0,null,0,0,0
1585494582185,4637,localhost CPU,,,,,true,,0,0,0,0,null,0,0,0
1585494582185,0,localhost Disks I/O,,,,,true,,0,0,0,0,null,0,0,0
1585494583189,64277,localhost Memory,,,,,true,,0,0,0,0,null,0,0,0
1585494583189,8941,localhost CPU,,,,,true,,0,0,0,0,null,0,0,0
1585494583189,0,localhost Disks I/O,,,,,true,,0,0,0,0,null,0,0,0
1585494584192,64277,localhost Memory,,,,,true,,0,0,0,0,null,0,0,0
1585494584192,5098,localhost CPU,,,,,true,,0,0,0,0,null,0,0,0
1585494584192,0,localhost Disks I/O,,,,,true,,0,0,0,0,null,0,0,0
1585494585194,64264,localhost Memory,,,,,true,,0,0,0,0,null,0,0,0
1585494585194,13300,localhost CPU,,,,,true,,0,0,0,0,null,0,0,0
1585494585194,0,localhost Disks I/O,,,,,true,,0,0,0,0,null,0,0,0
1585494586196,64263,localhost Memory,,,,,true,,0,0,0,0,null,0,0,0
1585494586196,4976,localhost CPU,,,,,true,,0,0,0,0,null,0,0,0
1585494586196,0,localhost Disks I/O,,,,,true,,0,0,0,0,null,0,0,0
1585494587199,64263,localhost Memory,,,,,true,,0,0,0,0,null,0,0,0
1585494587199,3987,localhost CPU,,,,,true,,0,0,0,0,null,0,0,0
1585494587199,0,localhost Disks I/O,,,,,true,,0,0,0,0,null,0,0,0
1585494588203,64263,localhost Memory,,,,,true,,0,0,0,0,null,0,0,0
1585494588203,5781,localhost CPU,,,,,true,,0,0,0,0,null,0,0,0
1585494588203,0,localhost Disks I/O,,,,,true,,0,0,0,0,null,0,0,0
1585494589203,64263,localhost Memory,,,,,true,,0,0,0,0,null,0,0,0
1585494589203,3854,localhost CPU,,,,,true,,0,0,0,0,null,0,0,0
1585494589203,0,localhost Disks I/O,,,,,true,,0,0,0,0,null,0,0,0
1585494590203,64259,localhost Memory,,,,,true,,0,0,0,0,null,0,0,0
1585494590203,4725,localhost CPU,,,,,true,,0,0,0,0,null,0,0,0
1585494590203,0,localhost Disks I/O,,,,,true,,0,0,0,0,null,0,0,0
1585494591203,64240,localhost Memory,,,,,true,,0,0,0,0,null,0,0,0
1585494591203,7372,localhost CPU,,,,,true,,0,0,0,0,null,0,0,0
1585494591203,0,localhost Disks I/O,,,,,true,,0,0,0,0,null,0,0,0
1585494592218,64232,localhost Memory,,,,,true,,0,0,0,0,null,0,0,0
1585494592218,7823,localhost CPU,,,,,true,,0,0,0,0,null,0,0,0
1585494592218,0,localhost Disks I/O,,,,,true,,0,0,0,0,null,0,0,0
1585494593222,64230,localhost Memory,,,,,true,,0,0,0,0,null,0,0,0
1585494593222,4233,localhost CPU,,,,,true,,0,0,0,0,null,0,0,0
1585494593222,0,localhost Disks I/O,,,,,true,,0,0,0,0,null,0,0,0
1585494594225,64230,localhost Memory,,,,,true,,0,0,0,0,null,0,0,0
1585494594225,3900,localhost CPU,,,,,true,,0,0,0,0,null,0,0,0
1585494594225,0,localhost Disks I/O,,,,,true,,0,0,0,0,null,0,0,0
1585494595226,64230,localhost Memory,,,,,true,,0,0,0,0,null,0,0,0
1585494595226,3125,localhost CPU,,,,,true,,0,0,0,0,null,0,0,0
1585494595226,0,localhost Disks I/O,,,,,true,,0,0,0,0,null,0,0,0
1585494596228,64230,localhost Memory,,,,,true,,0,0,0,0,null,0,0,0
1585494596228,3075,localhost CPU,,,,,true,,0,0,0,0,null,0,0,0
1585494596228,0,localhost Disks I/O,,,,,true,,0,0,0,0,null,0,0,0
1585494597230,64440,localhost Memory,,,,,true,,0,0,0,0,null,0,0,0
1585494597230,14475,localhost CPU,,,,,true,,0,0,0,0,null,0,0,0
1585494597230,0,localhost Disks I/O,,,,,true,,0,0,0,0,null,0,0,0
1585494598230,64440,localhost Memory,,,,,true,,0,0,0,0,null,0,0,0
1585494598230,4276,localhost CPU,,,,,true,,0,0,0,0,null,0,0,0
1585494598230,0,localhost Disks I/O,,,,,true,,0,0,0,0,null,0,0,0
1585494599232,64470,localhost Memory,,,,,true,,0,0,0,0,null,0,0,0
1585494599232,4650,localhost CPU,,,,,true,,0,0,0,0,null,0,0,0
1585494599232,0,localhost Disks I/O,,,,,true,,0,0,0,0,null,0,0,0
1585494600234,64373,localhost Memory,,,,,true,,0,0,0,0,null,0,0,0
1585494600234,4309,localhost CPU,,,,,true,,0,0,0,0,null,0,0,0
1585494600234,0,localhost Disks I/O,,,,,true,,0,0,0,0,null,0,0,0
1585494601234,64411,localhost Memory,,,,,true,,0,0,0,0,null,0,0,0
1585494601234,8159,localhost CPU,,,,,true,,0,0,0,0,null,0,0,0
1585494601234,0,localhost Disks I/O,,,,,true,,0,0,0,0,null,0,0,0
1585494602237,64408,localhost Memory,,,,,true,,0,0,0,0,null,0,0,0
1585494602237,8222,localhost CPU,,,,,true,,0,0,0,0,null,0,0,0
1585494602237,0,localhost Disks I/O,,,,,true,,0,0,0,0,null,0,0,0
1585494603240,64495,localhost Memory,,,,,true,,0,0,0,0,null,0,0,0
1585494603240,6678,localhost CPU,,,,,true,,0,0,0,0,null,0,0,0
1585494603240,0,localhost Disks I/O,,,,,true,,0,0,0,0,null,0,0,0
1585494604240,64494,localhost Memory,,,,,true,,0,0,0,0,null,0,0,0
1585494604240,4639,localhost CPU,,,,,true,,0,0,0,0,null,0,0,0
1585494604240,0,localhost Disks I/O,,,,,true,,0,0,0,0,null,0,0,0
1585494605243,64480,localhost Memory,,,,,true,,0,0,0,0,null,0,0,0
1585494605243,5098,localhost CPU,,,,,true,,0,0,0,0,null,0,0,0
1585494605243,0,localhost Disks I/O,,,,,true,,0,0,0,0,null,0,0,0
1585494606247,64465,localhost Memory,,,,,true,,0,0,0,0,null,0,0,0
1585494606247,6576,localhost CPU,,,,,true,,0,0,0,0,null,0,0,0
1585494606247,0,localhost Disks I/O,,,,,true,,0,0,0,0,null,0,0,0
1585494607247,64519,localhost Memory,,,,,true,,0,0,0,0,null,0,0,0
1585494607247,4677,localhost CPU,,,,,true,,0,0,0,0,null,0,0,0
1585494607247,0,localhost Disks I/O,,,,,true,,0,0,0,0,null,0,0,0
1585494608251,64518,localhost Memory,,,,,true,,0,0,0,0,null,0,0,0
1585494608251,2346,localhost CPU,,,,,true,,0,0,0,0,null,0,0,0
1585494608251,0,localhost Disks I/O,,,,,true,,0,0,0,0,null,0,0,0
1585494609251,64519,localhost Memory,,,,,true,,0,0,0,0,null,0,0,0
1585494609251,3925,localhost CPU,,,,,true,,0,0,0,0,null,0,0,0
1585494609251,0,localhost Disks I/O,,,,,true,,0,0,0,0,null,0,0,0
1585494610253,64514,localhost Memory,,,,,true,,0,0,0,0,null,0,0,0
1585494610253,5758,localhost CPU,,,,,true,,0,0,0,0,null,0,0,0
1585494610253,0,localhost Disks I/O,,,,,true,,0,0,0,0,null,0,0,0
1585494611253,64512,localhost Memory,,,,,true,,0,0,0,0,null,0,0,0
1585494611253,5071,localhost CPU,,,,,true,,0,0,0,0,null,0,0,0
1585494611253,0,localhost Disks I/O,,,,,true,,0,0,0,0,null,0,0,0
1585494612259,64472,localhost Memory,,,,,true,,0,0,0,0,null,0,0,0
1585494612259,8190,localhost CPU,,,,,true,,0,0,0,0,null,0,0,0
1585494612259,0,localhost Disks I/O,,,,,true,,0,0,0,0,null,0,0,0
1585494613259,64303,localhost Memory,,,,,true,,0,0,0,0,null,0,0,0
1585494613259,6296,localhost CPU,,,,,true,,0,0,0,0,null,0,0,0
1585494613259,0,localhost Disks I/O,,,,,true,,0,0,0,0,null,0,0,0
1585494614259,64296,localhost Memory,,,,,true,,0,0,0,0,null,0,0,0
1585494614259,5451,localhost CPU,,,,,true,,0,0,0,0,null,0,0,0
1585494614259,0,localhost Disks I/O,,,,,true,,0,0,0,0,null,0,0,0
1585494615259,64294,localhost Memory,,,,,true,,0,0,0,0,null,0,0,0
1585494615259,3861,localhost CPU,,,,,true,,0,0,0,0,null,0,0,0
1585494615259,0,localhost Disks I/O,,,,,true,,0,0,0,0,null,0,0,0
1585494616259,64278,localhost Memory,,,,,true,,0,0,0,0,null,0,0,0
1585494616259,2673,localhost CPU,,,,,true,,0,0,0,0,null,0,0,0
1585494616259,0,localhost Disks I/O,,,,,true,,0,0,0,0,null,0,0,0
1585494617263,63679,localhost Memory,,,,,true,,0,0,0,0,null,0,0,0
1585494617263,6248,localhost CPU,,,,,true,,0,0,0,0,null,0,0,0
1585494617263,0,localhost Disks I/O,,,,,true,,0,0,0,0,null,0,0,0
1585494618266,67796,localhost Memory,,,,,true,,0,0,0,0,null,0,0,0
1585494618266,22688,localhost CPU,,,,,true,,0,0,0,0,null,0,0,0
1585494618266,0,localhost Disks I/O,,,,,true,,0,0,0,0,null,0,0,0
1585494619267,67767,localhost Memory,,,,,true,,0,0,0,0,null,0,0,0
1585494619267,9791,localhost CPU,,,,,true,,0,0,0,0,null,0,0,0
1585494619267,0,localhost Disks I/O,,,,,true,,0,0,0,0,null,0,0,0
1585494620270,67762,localhost Memory,,,,,true,,0,0,0,0,null,0,0,0
1585494620270,5824,localhost CPU,,,,,true,,0,0,0,0,null,0,0,0
1585494620270,0,localhost Disks I/O,,,,,true,,0,0,0,0,null,0,0,0
1585494621271,67755,localhost Memory,,,,,true,,0,0,0,0,null,0,0,0
1585494621271,4692,localhost CPU,,,,,true,,0,0,0,0,null,0,0,0
1585494621271,0,localhost Disks I/O,,,,,true,,0,0,0,0,null,0,0,0
1585494622271,67754,localhost Memory,,,,,true,,0,0,0,0,null,0,0,0
1585494622271,6226,localhost CPU,,,,,true,,0,0,0,0,null,0,0,0
1585494622271,0,localhost Disks I/O,,,,,true,,0,0,0,0,null,0,0,0
1585494623275,67752,localhost Memory,,,,,true,,0,0,0,0,null,0,0,0
1585494623275,11919,localhost CPU,,,,,true,,0,0,0,0,null,0,0,0
1585494623275,0,localhost Disks I/O,,,,,true,,0,0,0,0,null,0,0,0
1585494624275,67752,localhost Memory,,,,,true,,0,0,0,0,null,0,0,0
1585494624275,7517,localhost CPU,,,,,true,,0,0,0,0,null,0,0,0
1585494624275,0,localhost Disks I/O,,,,,true,,0,0,0,0,null,0,0,0
1585494625277,67752,localhost Memory,,,,,true,,0,0,0,0,null,0,0,0
1585494625277,7344,localhost CPU,,,,,true,,0,0,0,0,null,0,0,0
1585494625277,0,localhost Disks I/O,,,,,true,,0,0,0,0,null,0,0,0
1585494626277,67753,localhost Memory,,,,,true,,0,0,0,0,null,0,0,0
1585494626277,9227,localhost CPU,,,,,true,,0,0,0,0,null,0,0,0
1585494626277,0,localhost Disks I/O,,,,,true,,0,0,0,0,null,0,0,0
1585494627280,67814,localhost Memory,,,,,true,,0,0,0,0,null,0,0,0
1585494627280,8513,localhost CPU,,,,,true,,0,0,0,0,null,0,0,0
1585494627280,0,localhost Disks I/O,,,,,true,,0,0,0,0,null,0,0,0
1585494628280,64545,localhost Memory,,,,,true,,0,0,0,0,null,0,0,0
1585494628280,54095,localhost CPU,,,,,true,,0,0,0,0,null,0,0,0
1585494628280,0,localhost Disks I/O,,,,,true,,0,0,0,0,null,0,0,0
1585494629281,64544,localhost Memory,,,,,true,,0,0,0,0,null,0,0,0
1585494629281,5828,localhost CPU,,,,,true,,0,0,0,0,null,0,0,0
1585494629281,0,localhost Disks I/O,,,,,true,,0,0,0,0,null,0,0,0
1585494630281,64549,localhost Memory,,,,,true,,0,0,0,0,null,0,0,0
1585494630281,5848,localhost CPU,,,,,true,,0,0,0,0,null,0,0,0
1585494630281,0,localhost Disks I/O,,,,,true,,0,0,0,0,null,0,0,0
1585494631281,64533,localhost Memory,,,,,true,,0,0,0,0,null,0,0,0
1585494631281,5854,localhost CPU,,,,,true,,0,0,0,0,null,0,0,0
1585494631281,0,localhost Disks I/O,,,,,true,,0,0,0,0,null,0,0,0
1585494632283,64549,localhost Memory,,,,,true,,0,0,0,0,null,0,0,0
1585494632283,7374,localhost CPU,,,,,true,,0,0,0,0,null,0,0,0
1585494632283,0,localhost Disks I/O,,,,,true,,0,0,0,0,null,0,0,0
1585494633286,64946,localhost Memory,,,,,true,,0,0,0,0,null,0,0,0
1585494633286,15242,localhost CPU,,,,,true,,0,0,0,0,null,0,0,0
1585494633286,0,localhost Disks I/O,,,,,true,,0,0,0,0,null,0,0,0
1585494634286,64926,localhost Memory,,,,,true,,0,0,0,0,null,0,0,0
1585494634286,6204,localhost CPU,,,,,true,,0,0,0,0,null,0,0,0
1585494634286,0,localhost Disks I/O,,,,,true,,0,0,0,0,null,0,0,0
1585494635300,64900,localhost Memory,,,,,true,,0,0,0,0,null,0,0,0
1585494635300,2772,localhost CPU,,,,,true,,0,0,0,0,null,0,0,0
1585494635300,0,localhost Disks I/O,,,,,true,,0,0,0,0,null,0,0,0
1585494636300,64815,localhost Memory,,,,,true,,0,0,0,0,null,0,0,0
1585494636300,7311,localhost CPU,,,,,true,,0,0,0,0,null,0,0,0
1585494636300,0,localhost Disks I/O,,,,,true,,0,0,0,0,null,0,0,0
1585494637302,64813,localhost Memory,,,,,true,,0,0,0,0,null,0,0,0
1585494637302,5075,localhost CPU,,,,,true,,0,0,0,0,null,0,0,0
1585494637302,0,localhost Disks I/O,,,,,true,,0,0,0,0,null,0,0,0
1585494638317,64800,localhost Memory,,,,,true,,0,0,0,0,null,0,0,0
1585494638317,5051,localhost CPU,,,,,true,,0,0,0,0,null,0,0,0
1585494638317,0,localhost Disks I/O,,,,,true,,0,0,0,0,null,0,0,0
1585494639317,64779,localhost Memory,,,,,true,,0,0,0,0,null,0,0,0
1585494639317,3573,localhost CPU,,,,,true,,0,0,0,0,null,0,0,0
1585494639317,0,localhost Disks I/O,,,,,true,,0,0,0,0,null,0,0,0
1585494640319,64706,localhost Memory,,,,,true,,0,0,0,0,null,0,0,0
1585494640319,6500,localhost CPU,,,,,true,,0,0,0,0,null,0,0,0
1585494640319,0,localhost Disks I/O,,,,,true,,0,0,0,0,null,0,0,0
1585494641319,64702,localhost Memory,,,,,true,,0,0,0,0,null,0,0,0
1585494641319,3462,localhost CPU,,,,,true,,0,0,0,0,null,0,0,0
1585494641319,0,localhost Disks I/O,,,,,true,,0,0,0,0,null,0,0,0
1585494642323,64684,localhost Memory,,,,,true,,0,0,0,0,null,0,0,0
1585494642323,7869,localhost CPU,,,,,true,,0,0,0,0,null,0,0,0
1585494642323,0,localhost Disks I/O,,,,,true,,0,0,0,0,null,0,0,0
1585494643323,64671,localhost Memory,,,,,true,,0,0,0,0,null,0,0,0
1585494643323,4676,localhost CPU,,,,,true,,0,0,0,0,null,0,0,0
1585494643323,0,localhost Disks I/O,,,,,true,,0,0,0,0,null,0,0,0
1585494644338,64671,localhost Memory,,,,,true,,0,0,0,0,null,0,0,0
1585494644338,5054,localhost CPU,,,,,true,,0,0,0,0,null,0,0,0
1585494644338,0,localhost Disks I/O,,,,,true,,0,0,0,0,null,0,0,0
1585494645338,64658,localhost Memory,,,,,true,,0,0,0,0,null,0,0,0
1585494645338,6111,localhost CPU,,,,,true,,0,0,0,0,null,0,0,0
1585494645338,0,localhost Disks I/O,,,,,true,,0,0,0,0,null,0,0,0
1585494646338,64656,localhost Memory,,,,,true,,0,0,0,0,null,0,0,0
1585494646338,3560,localhost CPU,,,,,true,,0,0,0,0,null,0,0,0
1585494646338,0,localhost Disks I/O,,,,,true,,0,0,0,0,null,0,0,0
1585494647338,64651,localhost Memory,,,,,true,,0,0,0,0,null,0,0,0
1585494647338,6251,localhost CPU,,,,,true,,0,0,0,0,null,0,0,0
1585494647338,0,localhost Disks I/O,,,,,true,,0,0,0,0,null,0,0,0
1585494648342,64650,localhost Memory,,,,,true,,0,0,0,0,null,0,0,0
1585494648342,4323,localhost CPU,,,,,true,,0,0,0,0,null,0,0,0
1585494648342,0,localhost Disks I/O,,,,,true,,0,0,0,0,null,0,0,0
1585494649345,64652,localhost Memory,,,,,true,,0,0,0,0,null,0,0,0
1585494649345,6200,localhost CPU,,,,,true,,0,0,0,0,null,0,0,0
1585494649345,0,localhost Disks I/O,,,,,true,,0,0,0,0,null,0,0,0
1585494650347,64651,localhost Memory,,,,,true,,0,0,0,0,null,0,0,0
1585494650347,3462,localhost CPU,,,,,true,,0,0,0,0,null,0,0,0
1585494650347,0,localhost Disks I/O,,,,,true,,0,0,0,0,null,0,0,0
1585494651348,64651,localhost Memory,,,,,true,,0,0,0,0,null,0,0,0
1585494651348,5851,localhost CPU,,,,,true,,0,0,0,0,null,0,0,0
1585494651348,0,localhost Disks I/O,,,,,true,,0,0,0,0,null,0,0,0
1585494652351,64651,localhost Memory,,,,,true,,0,0,0,0,null,0,0,0
1585494652351,5450,localhost CPU,,,,,true,,0,0,0,0,null,0,0,0
1585494652351,0,localhost Disks I/O,,,,,true,,0,0,0,0,null,0,0,0
1585494653351,64652,localhost Memory,,,,,true,,0,0,0,0,null,0,0,0
1585494653351,8897,localhost CPU,,,,,true,,0,0,0,0,null,0,0,0
1585494653351,0,localhost Disks I/O,,,,,true,,0,0,0,0,null,0,0,0
1585494654351,64652,localhost Memory,,,,,true,,0,0,0,0,null,0,0,0
1585494654351,5054,localhost CPU,,,,,true,,0,0,0,0,null,0,0,0
1585494654351,0,localhost Disks I/O,,,,,true,,0,0,0,0,null,0,0,0
1585494655355,64652,localhost Memory,,,,,true,,0,0,0,0,null,0,0,0
1585494655355,5453,localhost CPU,,,,,true,,0,0,0,0,null,0,0,0
1585494655355,0,localhost Disks I/O,,,,,true,,0,0,0,0,null,0,0,0
1585494656357,64647,localhost Memory,,,,,true,,0,0,0,0,null,0,0,0
1585494656357,7078,localhost CPU,,,,,true,,0,0,0,0,null,0,0,0
1585494656357,0,localhost Disks I/O,,,,,true,,0,0,0,0,null,0,0,0
1585494657358,64647,localhost Memory,,,,,true,,0,0,0,0,null,0,0,0
1585494657358,3476,localhost CPU,,,,,true,,0,0,0,0,null,0,0,0
1585494657358,0,localhost Disks I/O,,,,,true,,0,0,0,0,null,0,0,0
1585494658358,64647,localhost Memory,,,,,true,,0,0,0,0,null,0,0,0
1585494658358,6621,localhost CPU,,,,,true,,0,0,0,0,null,0,0,0
1585494658358,0,localhost Disks I/O,,,,,true,,0,0,0,0,null,0,0,0
1585494659361,64649,localhost Memory,,,,,true,,0,0,0,0,null,0,0,0
1585494659361,4681,localhost CPU,,,,,true,,0,0,0,0,null,0,0,0
1585494659361,0,localhost Disks I/O,,,,,true,,0,0,0,0,null,0,0,0
1585494660365,64581,localhost Memory,,,,,true,,0,0,0,0,null,0,0,0
1585494660365,8114,localhost CPU,,,,,true,,0,0,0,0,null,0,0,0
1585494660365,0,localhost Disks I/O,,,,,true,,0,0,0,0,null,0,0,0
1585494661368,64564,localhost Memory,,,,,true,,0,0,0,0,null,0,0,0
1585494661368,6932,localhost CPU,,,,,true,,0,0,0,0,null,0,0,0
1585494661368,0,localhost Disks I/O,,,,,true,,0,0,0,0,null,0,0,0
1585494662368,64563,localhost Memory,,,,,true,,0,0,0,0,null,0,0,0
1585494662368,6253,localhost CPU,,,,,true,,0,0,0,0,null,0,0,0
1585494662368,0,localhost Disks I/O,,,,,true,,0,0,0,0,null,0,0,0
1585494663372,64564,localhost Memory,,,,,true,,0,0,0,0,null,0,0,0
1585494663372,4711,localhost CPU,,,,,true,,0,0,0,0,null,0,0,0
1585494663372,0,localhost Disks I/O,,,,,true,,0,0,0,0,null,0,0,0
1585494664374,64562,localhost Memory,,,,,true,,0,0,0,0,null,0,0,0
1585494664374,6571,localhost CPU,,,,,true,,0,0,0,0,null,0,0,0
1585494664374,0,localhost Disks I/O,,,,,true,,0,0,0,0,null,0,0,0
1585494665376,64562,localhost Memory,,,,,true,,0,0,0,0,null,0,0,0
1585494665376,4706,localhost CPU,,,,,true,,0,0,0,0,null,0,0,0
1585494665376,0,localhost Disks I/O,,,,,true,,0,0,0,0,null,0,0,0
1585494666378,64561,localhost Memory,,,,,true,,0,0,0,0,null,0,0,0
1585494666378,7015,localhost CPU,,,,,true,,0,0,0,0,null,0,0,0
1585494666378,0,localhost Disks I/O,,,,,true,,0,0,0,0,null,0,0,0
1585494667380,64561,localhost Memory,,,,,true,,0,0,0,0,null,0,0,0
1585494667380,5829,localhost CPU,,,,,true,,0,0,0,0,null,0,0,0
1585494667380,0,localhost Disks I/O,,,,,true,,0,0,0,0,null,0,0,0
1585494668384,64561,localhost Memory,,,,,true,,0,0,0,0,null,0,0,0
1585494668384,3900,localhost CPU,,,,,true,,0,0,0,0,null,0,0,0
1585494668384,0,localhost Disks I/O,,,,,true,,0,0,0,0,null,0,0,0
1585494669385,64560,localhost Memory,,,,,true,,0,0,0,0,null,0,0,0
1585494669385,4276,localhost CPU,,,,,true,,0,0,0,0,null,0,0,0
1585494669385,0,localhost Disks I/O,,,,,true,,0,0,0,0,null,0,0,0
1585494670388,64560,localhost Memory,,,,,true,,0,0,0,0,null,0,0,0
1585494670388,3500,localhost CPU,,,,,true,,0,0,0,0,null,0,0,0
1585494670388,0,localhost Disks I/O,,,,,true,,0,0,0,0,null,0,0,0
1585494671388,64560,localhost Memory,,,,,true,,0,0,0,0,null,0,0,0
1585494671388,7703,localhost CPU,,,,,true,,0,0,0,0,null,0,0,0
1585494671388,0,localhost Disks I/O,,,,,true,,0,0,0,0,null,0,0,0
1585494672389,64561,localhost Memory,,,,,true,,0,0,0,0,null,0,0,0
1585494672389,9047,localhost CPU,,,,,true,,0,0,0,0,null,0,0,0
1585494672389,0,localhost Disks I/O,,,,,true,,0,0,0,0,null,0,0,0
1585494673389,64561,localhost Memory,,,,,true,,0,0,0,0,null,0,0,0
1585494673389,3497,localhost CPU,,,,,true,,0,0,0,0,null,0,0,0
1585494673389,0,localhost Disks I/O,,,,,true,,0,0,0,0,null,0,0,0
1585494674393,64561,localhost Memory,,,,,true,,0,0,0,0,null,0,0,0
1585494674393,3933,localhost CPU,,,,,true,,0,0,0,0,null,0,0,0
1585494674393,0,localhost Disks I/O,,,,,true,,0,0,0,0,null,0,0,0
1585494675394,64561,localhost Memory,,,,,true,,0,0,0,0,null,0,0,0
1585494675394,6952,localhost CPU,,,,,true,,0,0,0,0,null,0,0,0
1585494675394,0,localhost Disks I/O,,,,,true,,0,0,0,0,null,0,0,0
1585494676394,64562,localhost Memory,,,,,true,,0,0,0,0,null,0,0,0
1585494676394,4364,localhost CPU,,,,,true,,0,0,0,0,null,0,0,0
1585494676394,0,localhost Disks I/O,,,,,true,,0,0,0,0,null,0,0,0
1585494677398,64199,localhost Memory,,,,,true,,0,0,0,0,null,0,0,0
1585494677398,7749,localhost CPU,,,,,true,,0,0,0,0,null,0,0,0
1585494677398,0,localhost Disks I/O,,,,,true,,0,0,0,0,null,0,0,0
1585494678400,64199,localhost Memory,,,,,true,,0,0,0,0,null,0,0,0
1585494678400,4339,localhost CPU,,,,,true,,0,0,0,0,null,0,0,0
1585494678400,0,localhost Disks I/O,,,,,true,,0,0,0,0,null,0,0,0
1585494679403,64199,localhost Memory,,,,,true,,0,0,0,0,null,0,0,0
1585494679403,3454,localhost CPU,,,,,true,,0,0,0,0,null,0,0,0
1585494679403,0,localhost Disks I/O,,,,,true,,0,0,0,0,null,0,0,0
1585494680405,64204,localhost Memory,,,,,true,,0,0,0,0,null,0,0,0
1585494680405,6181,localhost CPU,,,,,true,,0,0,0,0,null,0,0,0
1585494680405,0,localhost Disks I/O,,,,,true,,0,0,0,0,null,0,0,0
1585494681405,64209,localhost Memory,,,,,true,,0,0,0,0,null,0,0,0
1585494681405,4298,localhost CPU,,,,,true,,0,0,0,0,null,0,0,0
1585494681405,0,localhost Disks I/O,,,,,true,,0,0,0,0,null,0,0,0
1585494682407,64215,localhost Memory,,,,,true,,0,0,0,0,null,0,0,0
1585494682407,5495,localhost CPU,,,,,true,,0,0,0,0,null,0,0,0
1585494682407,0,localhost Disks I/O,,,,,true,,0,0,0,0,null,0,0,0
1585494683407,64286,localhost Memory,,,,,true,,0,0,0,0,null,0,0,0
1585494683407,6973,localhost CPU,,,,,true,,0,0,0,0,null,0,0,0
1585494683407,0,localhost Disks I/O,,,,,true,,0,0,0,0,null,0,0,0
1585494684408,64300,localhost Memory,,,,,true,,0,0,0,0,null,0,0,0
1585494684408,3550,localhost CPU,,,,,true,,0,0,0,0,null,0,0,0
1585494684409,0,localhost Disks I/O,,,,,true,,0,0,0,0,null,0,0,0
1585494685413,64293,localhost Memory,,,,,true,,0,0,0,0,null,0,0,0
1585494685413,4673,localhost CPU,,,,,true,,0,0,0,0,null,0,0,0
1585494685413,0,localhost Disks I/O,,,,,true,,0,0,0,0,null,0,0,0
1585494686414,64274,localhost Memory,,,,,true,,0,0,0,0,null,0,0,0
1585494686414,6673,localhost CPU,,,,,true,,0,0,0,0,null,0,0,0
1585494686414,0,localhost Disks I/O,,,,,true,,0,0,0,0,null,0,0,0
1585494687417,64274,localhost Memory,,,,,true,,0,0,0,0,null,0,0,0
1585494687417,3925,localhost CPU,,,,,true,,0,0,0,0,null,0,0,0
1585494687417,0,localhost Disks I/O,,,,,true,,0,0,0,0,null,0,0,0
1585494688419,64373,localhost Memory,,,,,true,,0,0,0,0,null,0,0,0
1585494688419,6891,localhost CPU,,,,,true,,0,0,0,0,null,0,0,0
1585494688419,0,localhost Disks I/O,,,,,true,,0,0,0,0,null,0,0,0
1585494689422,64387,localhost Memory,,,,,true,,0,0,0,0,null,0,0,0
1585494689422,5921,localhost CPU,,,,,true,,0,0,0,0,null,0,0,0
1585494689422,0,localhost Disks I/O,,,,,true,,0,0,0,0,null,0,0,0
1585494690424,64413,localhost Memory,,,,,true,,0,0,0,0,null,0,0,0
1585494690424,6961,localhost CPU,,,,,true,,0,0,0,0,null,0,0,0
1585494690424,0,localhost Disks I/O,,,,,true,,0,0,0,0,null,0,0,0
1585494691428,64384,localhost Memory,,,,,true,,0,0,0,0,null,0,0,0
1585494691428,7376,localhost CPU,,,,,true,,0,0,0,0,null,0,0,0
1585494691428,0,localhost Disks I/O,,,,,true,,0,0,0,0,null,0,0,0
1585494692428,64397,localhost Memory,,,,,true,,0,0,0,0,null,0,0,0
1585494692428,2349,localhost CPU,,,,,true,,0,0,0,0,null,0,0,0
1585494692428,0,localhost Disks I/O,,,,,true,,0,0,0,0,null,0,0,0
1585494693428,64409,localhost Memory,,,,,true,,0,0,0,0,null,0,0,0
1585494693428,4300,localhost CPU,,,,,true,,0,0,0,0,null,0,0,0
1585494693428,0,localhost Disks I/O,,,,,true,,0,0,0,0,null,0,0,0
1585494694431,64409,localhost Memory,,,,,true,,0,0,0,0,null,0,0,0
1585494694431,6250,localhost CPU,,,,,true,,0,0,0,0,null,0,0,0
1585494694431,0,localhost Disks I/O,,,,,true,,0,0,0,0,null,0,0,0
1585494695432,64409,localhost Memory,,,,,true,,0,0,0,0,null,0,0,0
1585494695432,5050,localhost CPU,,,,,true,,0,0,0,0,null,0,0,0
1585494695432,0,localhost Disks I/O,,,,,true,,0,0,0,0,null,0,0,0
1585494696435,64408,localhost Memory,,,,,true,,0,0,0,0,null,0,0,0
1585494696435,5946,localhost CPU,,,,,true,,0,0,0,0,null,0,0,0
1585494696435,0,localhost Disks I/O,,,,,true,,0,0,0,0,null,0,0,0
1585494697438,64406,localhost Memory,,,,,true,,0,0,0,0,null,0,0,0
1585494697438,5384,localhost CPU,,,,,true,,0,0,0,0,null,0,0,0
1585494697438,0,localhost Disks I/O,,,,,true,,0,0,0,0,null,0,0,0
1585494698442,64405,localhost Memory,,,,,true,,0,0,0,0,null,0,0,0
1585494698442,3125,localhost CPU,,,,,true,,0,0,0,0,null,0,0,0
1585494698442,0,localhost Disks I/O,,,,,true,,0,0,0,0,null,0,0,0
1585494699444,64405,localhost Memory,,,,,true,,0,0,0,0,null,0,0,0
1585494699444,6275,localhost CPU,,,,,true,,0,0,0,0,null,0,0,0
1585494699444,0,localhost Disks I/O,,,,,true,,0,0,0,0,null,0,0,0
1585494700444,64405,localhost Memory,,,,,true,,0,0,0,0,null,0,0,0
1585494700444,6177,localhost CPU,,,,,true,,0,0,0,0,null,0,0,0
1585494700444,0,localhost Disks I/O,,,,,true,,0,0,0,0,null,0,0,0
1585494701445,64405,localhost Memory,,,,,true,,0,0,0,0,null,0,0,0
1585494701445,7732,localhost CPU,,,,,true,,0,0,0,0,null,0,0,0
1585494701445,0,localhost Disks I/O,,,,,true,,0,0,0,0,null,0,0,0
1585494702445,64431,localhost Memory,,,,,true,,0,0,0,0,null,0,0,0
1585494702445,7831,localhost CPU,,,,,true,,0,0,0,0,null,0,0,0
1585494702445,0,localhost Disks I/O,,,,,true,,0,0,0,0,null,0,0,0
1585494703448,64434,localhost Memory,,,,,true,,0,0,0,0,null,0,0,0
1585494703448,8169,localhost CPU,,,,,true,,0,0,0,0,null,0,0,0
1585494703448,0,localhost Disks I/O,,,,,true,,0,0,0,0,null,0,0,0
1585494704449,64434,localhost Memory,,,,,true,,0,0,0,0,null,0,0,0
1585494704449,3548,localhost CPU,,,,,true,,0,0,0,0,null,0,0,0
1585494704449,0,localhost Disks I/O,,,,,true,,0,0,0,0,null,0,0,0
1585494705451,64547,localhost Memory,,,,,true,,0,0,0,0,null,0,0,0
1585494705451,6228,localhost CPU,,,,,true,,0,0,0,0,null,0,0,0
1585494705451,0,localhost Disks I/O,,,,,true,,0,0,0,0,null,0,0,0
1585494706454,63957,localhost Memory,,,,,true,,0,0,0,0,null,0,0,0
1585494706454,8597,localhost CPU,,,,,true,,0,0,0,0,null,0,0,0
1585494706454,0,localhost Disks I/O,,,,,true,,0,0,0,0,null,0,0,0
1585494707457,63946,localhost Memory,,,,,true,,0,0,0,0,null,0,0,0
1585494707457,5873,localhost CPU,,,,,true,,0,0,0,0,null,0,0,0
1585494707457,0,localhost Disks I/O,,,,,true,,0,0,0,0,null,0,0,0
1585494708457,63946,localhost Memory,,,,,true,,0,0,0,0,null,0,0,0
1585494708457,5057,localhost CPU,,,,,true,,0,0,0,0,null,0,0,0
1585494708457,0,localhost Disks I/O,,,,,true,,0,0,0,0,null,0,0,0
1585494709460,63949,localhost Memory,,,,,true,,0,0,0,0,null,0,0,0
1585494709460,8165,localhost CPU,,,,,true,,0,0,0,0,null,0,0,0
1585494709460,0,localhost Disks I/O,,,,,true,,0,0,0,0,null,0,0,0
1585494710461,63949,localhost Memory,,,,,true,,0,0,0,0,null,0,0,0
1585494710461,2704,localhost CPU,,,,,true,,0,0,0,0,null,0,0,0
1585494710461,0,localhost Disks I/O,,,,,true,,0,0,0,0,null,0,0,0
1585494711464,63949,localhost Memory,,,,,true,,0,0,0,0,null,0,0,0
1585494711464,4697,localhost CPU,,,,,true,,0,0,0,0,null,0,0,0
1585494711464,0,localhost Disks I/O,,,,,true,,0,0,0,0,null,0,0,0
1585494712468,63949,localhost Memory,,,,,true,,0,0,0,0,null,0,0,0
1585494712468,4653,localhost CPU,,,,,true,,0,0,0,0,null,0,0,0
1585494712468,0,localhost Disks I/O,,,,,true,,0,0,0,0,null,0,0,0
1585494713469,63949,localhost Memory,,,,,true,,0,0,0,0,null,0,0,0
1585494713469,4681,localhost CPU,,,,,true,,0,0,0,0,null,0,0,0
1585494713469,0,localhost Disks I/O,,,,,true,,0,0,0,0,null,0,0,0
1585494714472,63950,localhost Memory,,,,,true,,0,0,0,0,null,0,0,0
1585494714472,5058,localhost CPU,,,,,true,,0,0,0,0,null,0,0,0
1585494714472,0,localhost Disks I/O,,,,,true,,0,0,0,0,null,0,0,0
1585494715473,63961,localhost Memory,,,,,true,,0,0,0,0,null,0,0,0
1585494715473,8632,localhost CPU,,,,,true,,0,0,0,0,null,0,0,0
1585494715473,0,localhost Disks I/O,,,,,true,,0,0,0,0,null,0,0,0
1585494716474,63967,localhost Memory,,,,,true,,0,0,0,0,null,0,0,0
1585494716474,4251,localhost CPU,,,,,true,,0,0,0,0,null,0,0,0
1585494716474,0,localhost Disks I/O,,,,,true,,0,0,0,0,null,0,0,0
1585494717475,68515,localhost Memory,,,,,true,,0,0,0,0,null,0,0,0
1585494717475,15603,localhost CPU,,,,,true,,0,0,0,0,null,0,0,0
1585494717475,0,localhost Disks I/O,,,,,true,,0,0,0,0,null,0,0,0
1585494718476,68158,localhost Memory,,,,,true,,0,0,0,0,null,0,0,0
1585494718476,10925,localhost CPU,,,,,true,,0,0,0,0,null,0,0,0
1585494718476,0,localhost Disks I/O,,,,,true,,0,0,0,0,null,0,0,0
1585494719484,68109,localhost Memory,,,,,true,,0,0,0,0,null,0,0,0
1585494719484,4650,localhost CPU,,,,,true,,0,0,0,0,null,0,0,0
1585494719484,0,localhost Disks I/O,,,,,true,,0,0,0,0,null,0,0,0
1585494720487,68109,localhost Memory,,,,,true,,0,0,0,0,null,0,0,0
1585494720487,12100,localhost CPU,,,,,true,,0,0,0,0,null,0,0,0
1585494720487,0,localhost Disks I/O,,,,,true,,0,0,0,0,null,0,0,0
1585494721503,68110,localhost Memory,,,,,true,,0,0,0,0,null,0,0,0
1585494721503,6917,localhost CPU,,,,,true,,0,0,0,0,null,0,0,0
1585494721503,0,localhost Disks I/O,,,,,true,,0,0,0,0,null,0,0,0
1585494722506,68111,localhost Memory,,,,,true,,0,0,0,0,null,0,0,0
1585494722506,11678,localhost CPU,,,,,true,,0,0,0,0,null,0,0,0
1585494722506,0,localhost Disks I/O,,,,,true,,0,0,0,0,null,0,0,0
1585494723506,68111,localhost Memory,,,,,true,,0,0,0,0,null,0,0,0
1585494723506,8977,localhost CPU,,,,,true,,0,0,0,0,null,0,0,0
1585494723506,0,localhost Disks I/O,,,,,true,,0,0,0,0,null,0,0,0
1585494724513,68111,localhost Memory,,,,,true,,0,0,0,0,null,0,0,0
1585494724513,7231,localhost CPU,,,,,true,,0,0,0,0,null,0,0,0
1585494724513,0,localhost Disks I/O,,,,,true,,0,0,0,0,null,0,0,0
1585494725514,68110,localhost Memory,,,,,true,,0,0,0,0,null,0,0,0
1585494725514,10925,localhost CPU,,,,,true,,0,0,0,0,null,0,0,0
1585494725514,0,localhost Disks I/O,,,,,true,,0,0,0,0,null,0,0,0
1585494726514,68110,localhost Memory,,,,,true,,0,0,0,0,null,0,0,0
1585494726514,5451,localhost CPU,,,,,true,,0,0,0,0,null,0,0,0
1585494726514,0,localhost Disks I/O,,,,,true,,0,0,0,0,null,0,0,0
1585494727514,68113,localhost Memory,,,,,true,,0,0,0,0,null,0,0,0
1585494727514,9750,localhost CPU,,,,,true,,0,0,0,0,null,0,0,0
1585494727514,0,localhost Disks I/O,,,,,true,,0,0,0,0,null,0,0,0
1585494728518,64855,localhost Memory,,,,,true,,0,0,0,0,null,0,0,0
1585494728518,53525,localhost CPU,,,,,true,,0,0,0,0,null,0,0,0
1585494728518,0,localhost Disks I/O,,,,,true,,0,0,0,0,null,0,0,0
1585494729518,64867,localhost Memory,,,,,true,,0,0,0,0,null,0,0,0
1585494729518,4698,localhost CPU,,,,,true,,0,0,0,0,null,0,0,0
1585494729518,0,localhost Disks I/O,,,,,true,,0,0,0,0,null,0,0,0
1585494730519,64873,localhost Memory,,,,,true,,0,0,0,0,null,0,0,0
1585494730519,7425,localhost CPU,,,,,true,,0,0,0,0,null,0,0,0
1585494730519,0,localhost Disks I/O,,,,,true,,0,0,0,0,null,0,0,0
1585494731520,64896,localhost Memory,,,,,true,,0,0,0,0,null,0,0,0
1585494731520,7026,localhost CPU,,,,,true,,0,0,0,0,null,0,0,0
1585494731520,0,localhost Disks I/O,,,,,true,,0,0,0,0,null,0,0,0
1585494732523,64873,localhost Memory,,,,,true,,0,0,0,0,null,0,0,0
1585494732523,7846,localhost CPU,,,,,true,,0,0,0,0,null,0,0,0
1585494732523,0,localhost Disks I/O,,,,,true,,0,0,0,0,null,0,0,0
1585494733526,64873,localhost Memory,,,,,true,,0,0,0,0,null,0,0,0
1585494733526,5760,localhost CPU,,,,,true,,0,0,0,0,null,0,0,0
1585494733526,0,localhost Disks I/O,,,,,true,,0,0,0,0,null,0,0,0
1585494734526,64875,localhost Memory,,,,,true,,0,0,0,0,null,0,0,0
1585494734526,3884,localhost CPU,,,,,true,,0,0,0,0,null,0,0,0
1585494734526,0,localhost Disks I/O,,,,,true,,0,0,0,0,null,0,0,0
1585494735526,64875,localhost Memory,,,,,true,,0,0,0,0,null,0,0,0
1585494735526,5100,localhost CPU,,,,,true,,0,0,0,0,null,0,0,0
1585494735526,0,localhost Disks I/O,,,,,true,,0,0,0,0,null,0,0,0
1585494736530,64878,localhost Memory,,,,,true,,0,0,0,0,null,0,0,0
1585494736530,4675,localhost CPU,,,,,true,,0,0,0,0,null,0,0,0
1585494736530,0,localhost Disks I/O,,,,,true,,0,0,0,0,null,0,0,0
1585494737530,64459,localhost Memory,,,,,true,,0,0,0,0,null,0,0,0
1585494737530,10193,localhost CPU,,,,,true,,0,0,0,0,null,0,0,0
1585494737530,0,localhost Disks I/O,,,,,true,,0,0,0,0,null,0,0,0
1585494738531,63796,localhost Memory,,,,,true,,0,0,0,0,null,0,0,0
1585494738531,5805,localhost CPU,,,,,true,,0,0,0,0,null,0,0,0
1585494738531,0,localhost Disks I/O,,,,,true,,0,0,0,0,null,0,0,0
1585494739535,63799,localhost Memory,,,,,true,,0,0,0,0,null,0,0,0
1585494739535,3124,localhost CPU,,,,,true,,0,0,0,0,null,0,0,0
1585494739535,0,localhost Disks I/O,,,,,true,,0,0,0,0,null,0,0,0
1585494740537,63811,localhost Memory,,,,,true,,0,0,0,0,null,0,0,0
1585494740537,6251,localhost CPU,,,,,true,,0,0,0,0,null,0,0,0
1585494740537,0,localhost Disks I/O,,,,,true,,0,0,0,0,null,0,0,0
1585494741538,63834,localhost Memory,,,,,true,,0,0,0,0,null,0,0,0
1585494741538,5390,localhost CPU,,,,,true,,0,0,0,0,null,0,0,0
1585494741538,0,localhost Disks I/O,,,,,true,,0,0,0,0,null,0,0,0
1585494742541,63838,localhost Memory,,,,,true,,0,0,0,0,null,0,0,0
1585494742541,6250,localhost CPU,,,,,true,,0,0,0,0,null,0,0,0
1585494742541,0,localhost Disks I/O,,,,,true,,0,0,0,0,null,0,0,0
1585494743544,63847,localhost Memory,,,,,true,,0,0,0,0,null,0,0,0
1585494743544,4298,localhost CPU,,,,,true,,0,0,0,0,null,0,0,0
1585494743544,0,localhost Disks I/O,,,,,true,,0,0,0,0,null,0,0,0
1585494744546,64074,localhost Memory,,,,,true,,0,0,0,0,null,0,0,0
1585494744546,16338,localhost CPU,,,,,true,,0,0,0,0,null,0,0,0
1585494744546,0,localhost Disks I/O,,,,,true,,0,0,0,0,null,0,0,0
1585494745550,64073,localhost Memory,,,,,true,,0,0,0,0,null,0,0,0
1585494745550,3125,localhost CPU,,,,,true,,0,0,0,0,null,0,0,0
1585494745550,0,localhost Disks I/O,,,,,true,,0,0,0,0,null,0,0,0
1585494746553,63946,localhost Memory,,,,,true,,0,0,0,0,null,0,0,0
1585494746553,7044,localhost CPU,,,,,true,,0,0,0,0,null,0,0,0
1585494746553,0,localhost Disks I/O,,,,,true,,0,0,0,0,null,0,0,0
1585494747556,63942,localhost Memory,,,,,true,,0,0,0,0,null,0,0,0
1585494747556,6251,localhost CPU,,,,,true,,0,0,0,0,null,0,0,0
1585494747556,0,localhost Disks I/O,,,,,true,,0,0,0,0,null,0,0,0
1585494748559,63942,localhost Memory,,,,,true,,0,0,0,0,null,0,0,0
1585494748559,5363,localhost CPU,,,,,true,,0,0,0,0,null,0,0,0
1585494748559,0,localhost Disks I/O,,,,,true,,0,0,0,0,null,0,0,0
1585494749561,63943,localhost Memory,,,,,true,,0,0,0,0,null,0,0,0
1585494749561,4663,localhost CPU,,,,,true,,0,0,0,0,null,0,0,0
1585494749561,0,localhost Disks I/O,,,,,true,,0,0,0,0,null,0,0,0
1585494750564,63946,localhost Memory,,,,,true,,0,0,0,0,null,0,0,0
1585494750564,6673,localhost CPU,,,,,true,,0,0,0,0,null,0,0,0
1585494750564,0,localhost Disks I/O,,,,,true,,0,0,0,0,null,0,0,0
1585494751566,63950,localhost Memory,,,,,true,,0,0,0,0,null,0,0,0
1585494751566,3486,localhost CPU,,,,,true,,0,0,0,0,null,0,0,0
1585494751566,0,localhost Disks I/O,,,,,true,,0,0,0,0,null,0,0,0
1585494752566,63953,localhost Memory,,,,,true,,0,0,0,0,null,0,0,0
1585494752566,7370,localhost CPU,,,,,true,,0,0,0,0,null,0,0,0
1585494752566,1000,localhost Disks I/O,,,,,true,,0,0,0,0,null,0,0,0
1585494753567,63977,localhost Memory,,,,,true,,0,0,0,0,null,0,0,0
1585494753567,3948,localhost CPU,,,,,true,,0,0,0,0,null,0,0,0
1585494753567,0,localhost Disks I/O,,,,,true,,0,0,0,0,null,0,0,0
1585494754571,63979,localhost Memory,,,,,true,,0,0,0,0,null,0,0,0
1585494754571,6203,localhost CPU,,,,,true,,0,0,0,0,null,0,0,0
1585494754571,1000,localhost Disks I/O,,,,,true,,0,0,0,0,null,0,0,0
1585494755575,63986,localhost Memory,,,,,true,,0,0,0,0,null,0,0,0
1585494755575,7309,localhost CPU,,,,,true,,0,0,0,0,null,0,0,0
1585494755575,0,localhost Disks I/O,,,,,true,,0,0,0,0,null,0,0,0
1585494756576,63992,localhost Memory,,,,,true,,0,0,0,0,null,0,0,0
1585494756576,3100,localhost CPU,,,,,true,,0,0,0,0,null,0,0,0
1585494756576,0,localhost Disks I/O,,,,,true,,0,0,0,0,null,0,0,0
1585494757580,63994,localhost Memory,,,,,true,,0,0,0,0,null,0,0,0
1585494757580,3525,localhost CPU,,,,,true,,0,0,0,0,null,0,0,0
1585494757580,0,localhost Disks I/O,,,,,true,,0,0,0,0,null,0,0,0
1585494758595,63997,localhost Memory,,,,,true,,0,0,0,0,null,0,0,0
1585494758595,6866,localhost CPU,,,,,true,,0,0,0,0,null,0,0,0
1585494758595,0,localhost Disks I/O,,,,,true,,0,0,0,0,null,0,0,0
1585494759596,63999,localhost Memory,,,,,true,,0,0,0,0,null,0,0,0
1585494759596,4742,localhost CPU,,,,,true,,0,0,0,0,null,0,0,0
1585494759596,0,localhost Disks I/O,,,,,true,,0,0,0,0,null,0,0,0
1585494760611,64017,localhost Memory,,,,,true,,0,0,0,0,null,0,0,0
1585494760611,5430,localhost CPU,,,,,true,,0,0,0,0,null,0,0,0
1585494760611,0,localhost Disks I/O,,,,,true,,0,0,0,0,null,0,0,0
1585494761614,64027,localhost Memory,,,,,true,,0,0,0,0,null,0,0,0
1585494761614,4298,localhost CPU,,,,,true,,0,0,0,0,null,0,0,0
1585494761614,0,localhost Disks I/O,,,,,true,,0,0,0,0,null,0,0,0
1585494762614,64065,localhost Memory,,,,,true,,0,0,0,0,null,0,0,0
1585494762614,6275,localhost CPU,,,,,true,,0,0,0,0,null,0,0,0
1585494762614,0,localhost Disks I/O,,,,,true,,0,0,0,0,null,0,0,0
1585494763618,66924,localhost Memory,,,,,true,,0,0,0,0,null,0,0,0
1585494763618,8975,localhost CPU,,,,,true,,0,0,0,0,null,0,0,0
1585494763618,0,localhost Disks I/O,,,,,true,,0,0,0,0,null,0,0,0
1585494764618,68276,localhost Memory,,,,,true,,0,0,0,0,null,0,0,0
1585494764618,18907,localhost CPU,,,,,true,,0,0,0,0,null,0,0,0
1585494764618,0,localhost Disks I/O,,,,,true,,0,0,0,0,null,0,0,0
1585494765618,68238,localhost Memory,,,,,true,,0,0,0,0,null,0,0,0
1585494765618,8997,localhost CPU,,,,,true,,0,0,0,0,null,0,0,0
1585494765618,0,localhost Disks I/O,,,,,true,,0,0,0,0,null,0,0,0
1585494766621,68239,localhost Memory,,,,,true,,0,0,0,0,null,0,0,0
1585494766621,5323,localhost CPU,,,,,true,,0,0,0,0,null,0,0,0
1585494766621,0,localhost Disks I/O,,,,,true,,0,0,0,0,null,0,0,0
1585494767622,68116,localhost Memory,,,,,true,,0,0,0,0,null,0,0,0
1585494767622,7071,localhost CPU,,,,,true,,0,0,0,0,null,0,0,0
1585494767622,0,localhost Disks I/O,,,,,true,,0,0,0,0,null,0,0,0
1585494768623,68116,localhost Memory,,,,,true,,0,0,0,0,null,0,0,0
1585494768623,8116,localhost CPU,,,,,true,,0,0,0,0,null,0,0,0
1585494768623,0,localhost Disks I/O,,,,,true,,0,0,0,0,null,0,0,0
1585494769623,68116,localhost Memory,,,,,true,,0,0,0,0,null,0,0,0
1585494769623,7025,localhost CPU,,,,,true,,0,0,0,0,null,0,0,0
1585494769623,0,localhost Disks I/O,,,,,true,,0,0,0,0,null,0,0,0
1585494770625,68120,localhost Memory,,,,,true,,0,0,0,0,null,0,0,0
1585494770625,5875,localhost CPU,,,,,true,,0,0,0,0,null,0,0,0
1585494770625,0,localhost Disks I/O,,,,,true,,0,0,0,0,null,0,0,0
1585494771626,68121,localhost Memory,,,,,true,,0,0,0,0,null,0,0,0
1585494771626,5475,localhost CPU,,,,,true,,0,0,0,0,null,0,0,0
1585494771626,0,localhost Disks I/O,,,,,true,,0,0,0,0,null,0,0,0
1585494772626,68135,localhost Memory,,,,,true,,0,0,0,0,null,0,0,0
1585494772626,5365,localhost CPU,,,,,true,,0,0,0,0,null,0,0,0
1585494772626,0,localhost Disks I/O,,,,,true,,0,0,0,0,null,0,0,0
1585494773626,68140,localhost Memory,,,,,true,,0,0,0,0,null,0,0,0
1585494773626,5117,localhost CPU,,,,,true,,0,0,0,0,null,0,0,0
1585494773626,0,localhost Disks I/O,,,,,true,,0,0,0,0,null,0,0,0
1585494774629,65074,localhost Memory,,,,,true,,0,0,0,0,null,0,0,0
1585494774629,61240,localhost CPU,,,,,true,,0,0,0,0,null,0,0,0
1585494774629,0,localhost Disks I/O,,,,,true,,0,0,0,0,null,0,0,0
1585494775630,65075,localhost Memory,,,,,true,,0,0,0,0,null,0,0,0
1585494775630,401,localhost CPU,,,,,true,,0,0,0,0,null,0,0,0
1585494775630,0,localhost Disks I/O,,,,,true,,0,0,0,0,null,0,0,0
1585494776632,65078,localhost Memory,,,,,true,,0,0,0,0,null,0,0,0
1585494776632,6600,localhost CPU,,,,,true,,0,0,0,0,null,0,0,0
1585494776632,0,localhost Disks I/O,,,,,true,,0,0,0,0,null,0,0,0
1585494777634,65078,localhost Memory,,,,,true,,0,0,0,0,null,0,0,0
1585494777634,4723,localhost CPU,,,,,true,,0,0,0,0,null,0,0,0
1585494777634,0,localhost Disks I/O,,,,,true,,0,0,0,0,null,0,0,0
1585494778638,65085,localhost Memory,,,,,true,,0,0,0,0,null,0,0,0
1585494778638,6200,localhost CPU,,,,,true,,0,0,0,0,null,0,0,0
1585494778638,0,localhost Disks I/O,,,,,true,,0,0,0,0,null,0,0,0
1585494779642,65048,localhost Memory,,,,,true,,0,0,0,0,null,0,0,0
1585494779642,5781,localhost CPU,,,,,true,,0,0,0,0,null,0,0,0
1585494779642,0,localhost Disks I/O,,,,,true,,0,0,0,0,null,0,0,0
1585494780644,65136,localhost Memory,,,,,true,,0,0,0,0,null,0,0,0
1585494780644,8093,localhost CPU,,,,,true,,0,0,0,0,null,0,0,0
1585494780644,0,localhost Disks I/O,,,,,true,,0,0,0,0,null,0,0,0
1585494781647,65138,localhost Memory,,,,,true,,0,0,0,0,null,0,0,0
1585494781647,4736,localhost CPU,,,,,true,,0,0,0,0,null,0,0,0
1585494781647,0,localhost Disks I/O,,,,,true,,0,0,0,0,null,0,0,0
1585494782648,65153,localhost Memory,,,,,true,,0,0,0,0,null,0,0,0
1585494782648,3870,localhost CPU,,,,,true,,0,0,0,0,null,0,0,0
1585494782648,0,localhost Disks I/O,,,,,true,,0,0,0,0,null,0,0,0
1585494783652,65305,localhost Memory,,,,,true,,0,0,0,0,null,0,0,0
1585494783652,7686,localhost CPU,,,,,true,,0,0,0,0,null,0,0,0
1585494783652,0,localhost Disks I/O,,,,,true,,0,0,0,0,null,0,0,0
1585494784652,65341,localhost Memory,,,,,true,,0,0,0,0,null,0,0,0
1585494784652,7021,localhost CPU,,,,,true,,0,0,0,0,null,0,0,0
1585494784652,0,localhost Disks I/O,,,,,true,,0,0,0,0,null,0,0,0
1585494785656,65389,localhost Memory,,,,,true,,0,0,0,0,null,0,0,0
1585494785656,3916,localhost CPU,,,,,true,,0,0,0,0,null,0,0,0
1585494785656,0,localhost Disks I/O,,,,,true,,0,0,0,0,null,0,0,0
1585494786674,65430,localhost Memory,,,,,true,,0,0,0,0,null,0,0,0
1585494786674,7724,localhost CPU,,,,,true,,0,0,0,0,null,0,0,0
1585494786674,0,localhost Disks I/O,,,,,true,,0,0,0,0,null,0,0,0
1585494787677,65607,localhost Memory,,,,,true,,0,0,0,0,null,0,0,0
1585494787677,8600,localhost CPU,,,,,true,,0,0,0,0,null,0,0,0
1585494787677,0,localhost Disks I/O,,,,,true,,0,0,0,0,null,0,0,0
1585494788677,65730,localhost Memory,,,,,true,,0,0,0,0,null,0,0,0
1585494788677,17991,localhost CPU,,,,,true,,0,0,0,0,null,0,0,0
1585494788677,0,localhost Disks I/O,,,,,true,,0,0,0,0,null,0,0,0
1585494789680,65716,localhost Memory,,,,,true,,0,0,0,0,null,0,0,0
1585494789680,5052,localhost CPU,,,,,true,,0,0,0,0,null,0,0,0
1585494789680,0,localhost Disks I/O,,,,,true,,0,0,0,0,null,0,0,0
1585494790682,65697,localhost Memory,,,,,true,,0,0,0,0,null,0,0,0
1585494790682,5098,localhost CPU,,,,,true,,0,0,0,0,null,0,0,0
1585494790682,0,localhost Disks I/O,,,,,true,,0,0,0,0,null,0,0,0
1585494791683,65682,localhost Memory,,,,,true,,0,0,0,0,null,0,0,0
1585494791683,6548,localhost CPU,,,,,true,,0,0,0,0,null,0,0,0
1585494791683,0,localhost Disks I/O,,,,,true,,0,0,0,0,null,0,0,0
1585494792683,65682,localhost Memory,,,,,true,,0,0,0,0,null,0,0,0
1585494792683,4359,localhost CPU,,,,,true,,0,0,0,0,null,0,0,0
1585494792683,0,localhost Disks I/O,,,,,true,,0,0,0,0,null,0,0,0
1585494793683,65670,localhost Memory,,,,,true,,0,0,0,0,null,0,0,0
1585494793683,7680,localhost CPU,,,,,true,,0,0,0,0,null,0,0,0
1585494793683,0,localhost Disks I/O,,,,,true,,0,0,0,0,null,0,0,0
1585494794698,65657,localhost Memory,,,,,true,,0,0,0,0,null,0,0,0
1585494794698,7423,localhost CPU,,,,,true,,0,0,0,0,null,0,0,0
1585494794698,0,localhost Disks I/O,,,,,true,,0,0,0,0,null,0,0,0
1585494795700,66083,localhost Memory,,,,,true,,0,0,0,0,null,0,0,0
1585494795700,27375,localhost CPU,,,,,true,,0,0,0,0,null,0,0,0
1585494795700,0,localhost Disks I/O,,,,,true,,0,0,0,0,null,0,0,0
1585494796700,66073,localhost Memory,,,,,true,,0,0,0,0,null,0,0,0
1585494796700,5003,localhost CPU,,,,,true,,0,0,0,0,null,0,0,0
1585494796700,0,localhost Disks I/O,,,,,true,,0,0,0,0,null,0,0,0
1585494797700,66067,localhost Memory,,,,,true,,0,0,0,0,null,0,0,0
1585494797700,3955,localhost CPU,,,,,true,,0,0,0,0,null,0,0,0
1585494797700,0,localhost Disks I/O,,,,,true,,0,0,0,0,null,0,0,0
1585494798703,66067,localhost Memory,,,,,true,,0,0,0,0,null,0,0,0
1585494798703,5039,localhost CPU,,,,,true,,0,0,0,0,null,0,0,0
1585494798703,0,localhost Disks I/O,,,,,true,,0,0,0,0,null,0,0,0
1585494799704,66067,localhost Memory,,,,,true,,0,0,0,0,null,0,0,0
1585494799704,4276,localhost CPU,,,,,true,,0,0,0,0,null,0,0,0
1585494799704,0,localhost Disks I/O,,,,,true,,0,0,0,0,null,0,0,0
1585494800704,66066,localhost Memory,,,,,true,,0,0,0,0,null,0,0,0
1585494800704,5520,localhost CPU,,,,,true,,0,0,0,0,null,0,0,0
1585494800704,0,localhost Disks I/O,,,,,true,,0,0,0,0,null,0,0,0
1585494801708,65766,localhost Memory,,,,,true,,0,0,0,0,null,0,0,0
1585494801708,6650,localhost CPU,,,,,true,,0,0,0,0,null,0,0,0
1585494801708,0,localhost Disks I/O,,,,,true,,0,0,0,0,null,0,0,0
1585494802708,65108,localhost Memory,,,,,true,,0,0,0,0,null,0,0,0
1585494802708,9970,localhost CPU,,,,,true,,0,0,0,0,null,0,0,0
1585494802708,0,localhost Disks I/O,,,,,true,,0,0,0,0,null,0,0,0
1585494803708,65107,localhost Memory,,,,,true,,0,0,0,0,null,0,0,0
1585494803708,11702,localhost CPU,,,,,true,,0,0,0,0,null,0,0,0
1585494803708,0,localhost Disks I/O,,,,,true,,0,0,0,0,null,0,0,0
1585494804708,65108,localhost Memory,,,,,true,,0,0,0,0,null,0,0,0
1585494804708,4265,localhost CPU,,,,,true,,0,0,0,0,null,0,0,0
1585494804708,0,localhost Disks I/O,,,,,true,,0,0,0,0,null,0,0,0
1585494805710,65114,localhost Memory,,,,,true,,0,0,0,0,null,0,0,0
1585494805710,6648,localhost CPU,,,,,true,,0,0,0,0,null,0,0,0
1585494805710,0,localhost Disks I/O,,,,,true,,0,0,0,0,null,0,0,0
1585494806723,65119,localhost Memory,,,,,true,,0,0,0,0,null,0,0,0
1585494806723,5078,localhost CPU,,,,,true,,0,0,0,0,null,0,0,0
1585494806723,0,localhost Disks I/O,,,,,true,,0,0,0,0,null,0,0,0
1585494807724,65118,localhost Memory,,,,,true,,0,0,0,0,null,0,0,0
1585494807724,2726,localhost CPU,,,,,true,,0,0,0,0,null,0,0,0
1585494807724,0,localhost Disks I/O,,,,,true,,0,0,0,0,null,0,0,0
1585494808726,65118,localhost Memory,,,,,true,,0,0,0,0,null,0,0,0
1585494808726,7427,localhost CPU,,,,,true,,0,0,0,0,null,0,0,0
1585494808726,0,localhost Disks I/O,,,,,true,,0,0,0,0,null,0,0,0
1585494809729,65119,localhost Memory,,,,,true,,0,0,0,0,null,0,0,0
1585494809729,4628,localhost CPU,,,,,true,,0,0,0,0,null,0,0,0
1585494809729,0,localhost Disks I/O,,,,,true,,0,0,0,0,null,0,0,0
1585494810729,65059,localhost Memory,,,,,true,,0,0,0,0,null,0,0,0
1585494810729,11725,localhost CPU,,,,,true,,0,0,0,0,null,0,0,0
1585494810729,0,localhost Disks I/O,,,,,true,,0,0,0,0,null,0,0,0
1585494811733,65061,localhost Memory,,,,,true,,0,0,0,0,null,0,0,0
1585494811733,8200,localhost CPU,,,,,true,,0,0,0,0,null,0,0,0
1585494811733,0,localhost Disks I/O,,,,,true,,0,0,0,0,null,0,0,0
1585494812734,65060,localhost Memory,,,,,true,,0,0,0,0,null,0,0,0
1585494812734,6947,localhost CPU,,,,,true,,0,0,0,0,null,0,0,0
1585494812734,0,localhost Disks I/O,,,,,true,,0,0,0,0,null,0,0,0
1585494813736,65059,localhost Memory,,,,,true,,0,0,0,0,null,0,0,0
1585494813736,5895,localhost CPU,,,,,true,,0,0,0,0,null,0,0,0
1585494813736,0,localhost Disks I/O,,,,,true,,0,0,0,0,null,0,0,0
1585494814739,65060,localhost Memory,,,,,true,,0,0,0,0,null,0,0,0
1585494814739,6992,localhost CPU,,,,,true,,0,0,0,0,null,0,0,0
1585494814739,0,localhost Disks I/O,,,,,true,,0,0,0,0,null,0,0,0
1585494815743,65060,localhost Memory,,,,,true,,0,0,0,0,null,0,0,0
1585494815743,5051,localhost CPU,,,,,true,,0,0,0,0,null,0,0,0
1585494815743,0,localhost Disks I/O,,,,,true,,0,0,0,0,null,0,0,0
1585494816743,65060,localhost Memory,,,,,true,,0,0,0,0,null,0,0,0
1585494816743,5897,localhost CPU,,,,,true,,0,0,0,0,null,0,0,0
1585494816743,0,localhost Disks I/O,,,,,true,,0,0,0,0,null,0,0,0
1585494817746,65059,localhost Memory,,,,,true,,0,0,0,0,null,0,0,0
1585494817746,5427,localhost CPU,,,,,true,,0,0,0,0,null,0,0,0
1585494817746,0,localhost Disks I/O,,,,,true,,0,0,0,0,null,0,0,0
1585494818747,65060,localhost Memory,,,,,true,,0,0,0,0,null,0,0,0
1585494818747,6700,localhost CPU,,,,,true,,0,0,0,0,null,0,0,0
1585494818747,0,localhost Disks I/O,,,,,true,,0,0,0,0,null,0,0,0
1585494819749,65060,localhost Memory,,,,,true,,0,0,0,0,null,0,0,0
1585494819749,5429,localhost CPU,,,,,true,,0,0,0,0,null,0,0,0
1585494819749,0,localhost Disks I/O,,,,,true,,0,0,0,0,null,0,0,0
1585494820752,65061,localhost Memory,,,,,true,,0,0,0,0,null,0,0,0
1585494820752,5451,localhost CPU,,,,,true,,0,0,0,0,null,0,0,0
1585494820752,0,localhost Disks I/O,,,,,true,,0,0,0,0,null,0,0,0
1585494821752,65228,localhost Memory,,,,,true,,0,0,0,0,null,0,0,0
1585494821752,14075,localhost CPU,,,,,true,,0,0,0,0,null,0,0,0
1585494821752,0,localhost Disks I/O,,,,,true,,0,0,0,0,null,0,0,0
1585494822753,65169,localhost Memory,,,,,true,,0,0,0,0,null,0,0,0
1585494822753,14424,localhost CPU,,,,,true,,0,0,0,0,null,0,0,0
1585494822753,0,localhost Disks I/O,,,,,true,,0,0,0,0,null,0,0,0
1585494823755,65179,localhost Memory,,,,,true,,0,0,0,0,null,0,0,0
1585494823755,20069,localhost CPU,,,,,true,,0,0,0,0,null,0,0,0
1585494823755,0,localhost Disks I/O,,,,,true,,0,0,0,0,null,0,0,0
1585494824768,65179,localhost Memory,,,,,true,,0,0,0,0,null,0,0,0
1585494824768,5875,localhost CPU,,,,,true,,0,0,0,0,null,0,0,0
1585494824768,0,localhost Disks I/O,,,,,true,,0,0,0,0,null,0,0,0
1585494825770,65177,localhost Memory,,,,,true,,0,0,0,0,null,0,0,0
1585494825770,4675,localhost CPU,,,,,true,,0,0,0,0,null,0,0,0
1585494825770,0,localhost Disks I/O,,,,,true,,0,0,0,0,null,0,0,0
1585494826770,65179,localhost Memory,,,,,true,,0,0,0,0,null,0,0,0
1585494826770,5052,localhost CPU,,,,,true,,0,0,0,0,null,0,0,0
1585494826770,0,localhost Disks I/O,,,,,true,,0,0,0,0,null,0,0,0
1585494827771,65179,localhost Memory,,,,,true,,0,0,0,0,null,0,0,0
1585494827771,5458,localhost CPU,,,,,true,,0,0,0,0,null,0,0,0
1585494827771,0,localhost Disks I/O,,,,,true,,0,0,0,0,null,0,0,0
1585494828774,65179,localhost Memory,,,,,true,,0,0,0,0,null,0,0,0
1585494828774,5828,localhost CPU,,,,,true,,0,0,0,0,null,0,0,0
1585494828774,0,localhost Disks I/O,,,,,true,,0,0,0,0,null,0,0,0
1585494829774,65174,localhost Memory,,,,,true,,0,0,0,0,null,0,0,0
1585494829774,5066,localhost CPU,,,,,true,,0,0,0,0,null,0,0,0
1585494829774,0,localhost Disks I/O,,,,,true,,0,0,0,0,null,0,0,0
1585494830777,65176,localhost Memory,,,,,true,,0,0,0,0,null,0,0,0
1585494830777,7050,localhost CPU,,,,,true,,0,0,0,0,null,0,0,0
1585494830777,0,localhost Disks I/O,,,,,true,,0,0,0,0,null,0,0,0
1585494831780,65175,localhost Memory,,,,,true,,0,0,0,0,null,0,0,0
1585494831780,7390,localhost CPU,,,,,true,,0,0,0,0,null,0,0,0
1585494831780,0,localhost Disks I/O,,,,,true,,0,0,0,0,null,0,0,0
1585494832780,65173,localhost Memory,,,,,true,,0,0,0,0,null,0,0,0
1585494832780,3859,localhost CPU,,,,,true,,0,0,0,0,null,0,0,0
1585494832780,0,localhost Disks I/O,,,,,true,,0,0,0,0,null,0,0,0
1585494833782,65172,localhost Memory,,,,,true,,0,0,0,0,null,0,0,0
1585494833782,5430,localhost CPU,,,,,true,,0,0,0,0,null,0,0,0
1585494833782,0,localhost Disks I/O,,,,,true,,0,0,0,0,null,0,0,0
1585494834784,65174,localhost Memory,,,,,true,,0,0,0,0,null,0,0,0
1585494834784,8600,localhost CPU,,,,,true,,0,0,0,0,null,0,0,0
1585494834784,0,localhost Disks I/O,,,,,true,,0,0,0,0,null,0,0,0
1585494835787,65174,localhost Memory,,,,,true,,0,0,0,0,null,0,0,0
1585494835787,4722,localhost CPU,,,,,true,,0,0,0,0,null,0,0,0
1585494835787,0,localhost Disks I/O,,,,,true,,0,0,0,0,null,0,0,0
1585494836787,65174,localhost Memory,,,,,true,,0,0,0,0,null,0,0,0
1585494836787,2625,localhost CPU,,,,,true,,0,0,0,0,null,0,0,0
1585494836787,0,localhost Disks I/O,,,,,true,,0,0,0,0,null,0,0,0
1585494837788,65559,localhost Memory,,,,,true,,0,0,0,0,null,0,0,0
1585494837788,31284,localhost CPU,,,,,true,,0,0,0,0,null,0,0,0
1585494837788,0,localhost Disks I/O,,,,,true,,0,0,0,0,null,0,0,0
1585494838791,65566,localhost Memory,,,,,true,,0,0,0,0,null,0,0,0
1585494838791,11915,localhost CPU,,,,,true,,0,0,0,0,null,0,0,0
1585494838791,0,localhost Disks I/O,,,,,true,,0,0,0,0,null,0,0,0
1585494839792,65364,localhost Memory,,,,,true,,0,0,0,0,null,0,0,0
1585494839792,5897,localhost CPU,,,,,true,,0,0,0,0,null,0,0,0
1585494839792,0,localhost Disks I/O,,,,,true,,0,0,0,0,null,0,0,0
1585494840795,65385,localhost Memory,,,,,true,,0,0,0,0,null,0,0,0
1585494840795,22757,localhost CPU,,,,,true,,0,0,0,0,null,0,0,0
1585494840795,0,localhost Disks I/O,,,,,true,,0,0,0,0,null,0,0,0
1585494841796,65400,localhost Memory,,,,,true,,0,0,0,0,null,0,0,0
1585494841796,5451,localhost CPU,,,,,true,,0,0,0,0,null,0,0,0
1585494841796,0,localhost Disks I/O,,,,,true,,0,0,0,0,null,0,0,0
1585494842797,65394,localhost Memory,,,,,true,,0,0,0,0,null,0,0,0
1585494842797,7448,localhost CPU,,,,,true,,0,0,0,0,null,0,0,0
1585494842797,0,localhost Disks I/O,,,,,true,,0,0,0,0,null,0,0,0
1585494843799,65393,localhost Memory,,,,,true,,0,0,0,0,null,0,0,0
1585494843799,8184,localhost CPU,,,,,true,,0,0,0,0,null,0,0,0
1585494843799,0,localhost Disks I/O,,,,,true,,0,0,0,0,null,0,0,0
1585494844800,65393,localhost Memory,,,,,true,,0,0,0,0,null,0,0,0
1585494844800,4354,localhost CPU,,,,,true,,0,0,0,0,null,0,0,0
1585494844800,0,localhost Disks I/O,,,,,true,,0,0,0,0,null,0,0,0
1585494845802,65387,localhost Memory,,,,,true,,0,0,0,0,null,0,0,0
1585494845802,8169,localhost CPU,,,,,true,,0,0,0,0,null,0,0,0
1585494845802,0,localhost Disks I/O,,,,,true,,0,0,0,0,null,0,0,0
1585494846803,65372,localhost Memory,,,,,true,,0,0,0,0,null,0,0,0
1585494846803,5826,localhost CPU,,,,,true,,0,0,0,0,null,0,0,0
1585494846803,0,localhost Disks I/O,,,,,true,,0,0,0,0,null,0,0,0
1585494847804,65413,localhost Memory,,,,,true,,0,0,0,0,null,0,0,0
1585494847804,7050,localhost CPU,,,,,true,,0,0,0,0,null,0,0,0
1585494847804,0,localhost Disks I/O,,,,,true,,0,0,0,0,null,0,0,0
1585494848815,65424,localhost Memory,,,,,true,,0,0,0,0,null,0,0,0
1585494848815,23806,localhost CPU,,,,,true,,0,0,0,0,null,0,0,0
1585494848815,0,localhost Disks I/O,,,,,true,,0,0,0,0,null,0,0,0
1585494849818,65422,localhost Memory,,,,,true,,0,0,0,0,null,0,0,0
1585494849818,2374,localhost CPU,,,,,true,,0,0,0,0,null,0,0,0
1585494849818,0,localhost Disks I/O,,,,,true,,0,0,0,0,null,0,0,0
1585494850822,65425,localhost Memory,,,,,true,,0,0,0,0,null,0,0,0
1585494850822,10174,localhost CPU,,,,,true,,0,0,0,0,null,0,0,0
1585494850822,0,localhost Disks I/O,,,,,true,,0,0,0,0,null,0,0,0
1585494851822,65703,localhost Memory,,,,,true,,0,0,0,0,null,0,0,0
1585494851822,31536,localhost CPU,,,,,true,,0,0,0,0,null,0,0,0
1585494851822,0,localhost Disks I/O,,,,,true,,0,0,0,0,null,0,0,0
1585494852824,65733,localhost Memory,,,,,true,,0,0,0,0,null,0,0,0
1585494852824,10863,localhost CPU,,,,,true,,0,0,0,0,null,0,0,0
1585494852824,0,localhost Disks I/O,,,,,true,,0,0,0,0,null,0,0,0
1585494853839,65701,localhost Memory,,,,,true,,0,0,0,0,null,0,0,0
1585494853839,9412,localhost CPU,,,,,true,,0,0,0,0,null,0,0,0
1585494853839,0,localhost Disks I/O,,,,,true,,0,0,0,0,null,0,0,0
1585494854840,65528,localhost Memory,,,,,true,,0,0,0,0,null,0,0,0
1585494854840,20259,localhost CPU,,,,,true,,0,0,0,0,null,0,0,0
1585494854840,0,localhost Disks I/O,,,,,true,,0,0,0,0,null,0,0,0
1585494855840,65526,localhost Memory,,,,,true,,0,0,0,0,null,0,0,0
1585494855840,14475,localhost CPU,,,,,true,,0,0,0,0,null,0,0,0
1585494855840,0,localhost Disks I/O,,,,,true,,0,0,0,0,null,0,0,0
1585494856842,65527,localhost Memory,,,,,true,,0,0,0,0,null,0,0,0
1585494856842,1974,localhost CPU,,,,,true,,0,0,0,0,null,0,0,0
1585494856842,0,localhost Disks I/O,,,,,true,,0,0,0,0,null,0,0,0
1585494857844,65507,localhost Memory,,,,,true,,0,0,0,0,null,0,0,0
1585494857844,3476,localhost CPU,,,,,true,,0,0,0,0,null,0,0,0
1585494857844,0,localhost Disks I/O,,,,,true,,0,0,0,0,null,0,0,0
1585494858844,65496,localhost Memory,,,,,true,,0,0,0,0,null,0,0,0
1585494858844,4680,localhost CPU,,,,,true,,0,0,0,0,null,0,0,0
1585494858844,0,localhost Disks I/O,,,,,true,,0,0,0,0,null,0,0,0
1585494859846,65493,localhost Memory,,,,,true,,0,0,0,0,null,0,0,0
1585494859846,4277,localhost CPU,,,,,true,,0,0,0,0,null,0,0,0
1585494859846,0,localhost Disks I/O,,,,,true,,0,0,0,0,null,0,0,0
1585494860850,65439,localhost Memory,,,,,true,,0,0,0,0,null,0,0,0
1585494860850,5895,localhost CPU,,,,,true,,0,0,0,0,null,0,0,0
1585494860850,0,localhost Disks I/O,,,,,true,,0,0,0,0,null,0,0,0
1585494861851,65427,localhost Memory,,,,,true,,0,0,0,0,null,0,0,0
1585494861851,6229,localhost CPU,,,,,true,,0,0,0,0,null,0,0,0
1585494861851,0,localhost Disks I/O,,,,,true,,0,0,0,0,null,0,0,0
