timeStamp,elapsed,label,responseCode,responseMessage,threadName,dataType,success,failureMessage,bytes,sentBytes,grpThreads,allThreads,URL,Latency,IdleTime,Connect
1585653509316,62565,localhost Memory,,,,,true,,0,0,0,0,null,0,0,0
1585653509316,22214,localhost CPU,,,,,true,,0,0,0,0,null,0,0,0
1585653509316,0,localhost Disks I/O,,,,,true,,0,0,0,0,null,0,0,0
1585653510316,62085,localhost Memory,,,,,true,,0,0,0,0,null,0,0,0
1585653510316,34270,localhost CPU,,,,,true,,0,0,0,0,null,0,0,0
1585653510316,0,localhost Disks I/O,,,,,true,,0,0,0,0,null,0,0,0
1585653511316,62079,localhost Memory,,,,,true,,0,0,0,0,null,0,0,0
1585653511316,3052,localhost CPU,,,,,true,,0,0,0,0,null,0,0,0
1585653511316,0,localhost Disks I/O,,,,,true,,0,0,0,0,null,0,0,0
1585653512317,62122,localhost Memory,,,,,true,,0,0,0,0,null,0,0,0
1585653512317,4301,localhost CPU,,,,,true,,0,0,0,0,null,0,0,0
1585653512317,0,localhost Disks I/O,,,,,true,,0,0,0,0,null,0,0,0
1585653513317,62122,localhost Memory,,,,,true,,0,0,0,0,null,0,0,0
1585653513317,2367,localhost CPU,,,,,true,,0,0,0,0,null,0,0,0
1585653513317,0,localhost Disks I/O,,,,,true,,0,0,0,0,null,0,0,0
1585653514318,61933,localhost Memory,,,,,true,,0,0,0,0,null,0,0,0
1585653514318,6970,localhost CPU,,,,,true,,0,0,0,0,null,0,0,0
1585653514318,0,localhost Disks I/O,,,,,true,,0,0,0,0,null,0,0,0
1585653515318,61913,localhost Memory,,,,,true,,0,0,0,0,null,0,0,0
1585653515318,34287,localhost CPU,,,,,true,,0,0,0,0,null,0,0,0
1585653515318,0,localhost Disks I/O,,,,,true,,0,0,0,0,null,0,0,0
1585653516318,61911,localhost Memory,,,,,true,,0,0,0,0,null,0,0,0
1585653516318,1900,localhost CPU,,,,,true,,0,0,0,0,null,0,0,0
1585653516318,0,localhost Disks I/O,,,,,true,,0,0,0,0,null,0,0,0
1585653517318,61911,localhost Memory,,,,,true,,0,0,0,0,null,0,0,0
1585653517318,5476,localhost CPU,,,,,true,,0,0,0,0,null,0,0,0
1585653517318,0,localhost Disks I/O,,,,,true,,0,0,0,0,null,0,0,0
1585653518318,61911,localhost Memory,,,,,true,,0,0,0,0,null,0,0,0
1585653518318,3923,localhost CPU,,,,,true,,0,0,0,0,null,0,0,0
1585653518318,0,localhost Disks I/O,,,,,true,,0,0,0,0,null,0,0,0
1585653519318,61905,localhost Memory,,,,,true,,0,0,0,0,null,0,0,0
1585653519318,2359,localhost CPU,,,,,true,,0,0,0,0,null,0,0,0
1585653519318,0,localhost Disks I/O,,,,,true,,0,0,0,0,null,0,0,0
1585653520319,61900,localhost Memory,,,,,true,,0,0,0,0,null,0,0,0
1585653520319,10906,localhost CPU,,,,,true,,0,0,0,0,null,0,0,0
1585653520319,0,localhost Disks I/O,,,,,true,,0,0,0,0,null,0,0,0
1585653521319,61900,localhost Memory,,,,,true,,0,0,0,0,null,0,0,0
1585653521319,25000,localhost CPU,,,,,true,,0,0,0,0,null,0,0,0
1585653521319,0,localhost Disks I/O,,,,,true,,0,0,0,0,null,0,0,0
1585653522320,61685,localhost Memory,,,,,true,,0,0,0,0,null,0,0,0
1585653522320,8995,localhost CPU,,,,,true,,0,0,0,0,null,0,0,0
1585653522320,0,localhost Disks I/O,,,,,true,,0,0,0,0,null,0,0,0
1585653523320,61685,localhost Memory,,,,,true,,0,0,0,0,null,0,0,0
1585653523320,1580,localhost CPU,,,,,true,,0,0,0,0,null,0,0,0
1585653523320,0,localhost Disks I/O,,,,,true,,0,0,0,0,null,0,0,0
1585653524320,61688,localhost Memory,,,,,true,,0,0,0,0,null,0,0,0
1585653524320,2326,localhost CPU,,,,,true,,0,0,0,0,null,0,0,0
1585653524320,0,localhost Disks I/O,,,,,true,,0,0,0,0,null,0,0,0
1585653525321,61667,localhost Memory,,,,,true,,0,0,0,0,null,0,0,0
1585653525321,1174,localhost CPU,,,,,true,,0,0,0,0,null,0,0,0
1585653525321,0,localhost Disks I/O,,,,,true,,0,0,0,0,null,0,0,0
1585653526321,61668,localhost Memory,,,,,true,,0,0,0,0,null,0,0,0
1585653526321,33943,localhost CPU,,,,,true,,0,0,0,0,null,0,0,0
1585653526321,0,localhost Disks I/O,,,,,true,,0,0,0,0,null,0,0,0
1585653527321,61675,localhost Memory,,,,,true,,0,0,0,0,null,0,0,0
1585653527321,803,localhost CPU,,,,,true,,0,0,0,0,null,0,0,0
1585653527321,0,localhost Disks I/O,,,,,true,,0,0,0,0,null,0,0,0
1585653528321,61668,localhost Memory,,,,,true,,0,0,0,0,null,0,0,0
1585653528321,3925,localhost CPU,,,,,true,,0,0,0,0,null,0,0,0
1585653528321,0,localhost Disks I/O,,,,,true,,0,0,0,0,null,0,0,0
1585653529321,61676,localhost Memory,,,,,true,,0,0,0,0,null,0,0,0
1585653529321,3100,localhost CPU,,,,,true,,0,0,0,0,null,0,0,0
1585653529321,0,localhost Disks I/O,,,,,true,,0,0,0,0,null,0,0,0
1585653530321,61680,localhost Memory,,,,,true,,0,0,0,0,null,0,0,0
1585653530321,3113,localhost CPU,,,,,true,,0,0,0,0,null,0,0,0
1585653530321,0,localhost Disks I/O,,,,,true,,0,0,0,0,null,0,0,0
1585653531324,61696,localhost Memory,,,,,true,,0,0,0,0,null,0,0,0
1585653531324,28278,localhost CPU,,,,,true,,0,0,0,0,null,0,0,0
1585653531324,0,localhost Disks I/O,,,,,true,,0,0,0,0,null,0,0,0
1585653532324,61697,localhost Memory,,,,,true,,0,0,0,0,null,0,0,0
1585653532324,4342,localhost CPU,,,,,true,,0,0,0,0,null,0,0,0
1585653532324,0,localhost Disks I/O,,,,,true,,0,0,0,0,null,0,0,0
1585653533324,61696,localhost Memory,,,,,true,,0,0,0,0,null,0,0,0
1585653533324,1562,localhost CPU,,,,,true,,0,0,0,0,null,0,0,0
1585653533324,0,localhost Disks I/O,,,,,true,,0,0,0,0,null,0,0,0
1585653534324,61697,localhost Memory,,,,,true,,0,0,0,0,null,0,0,0
1585653534324,1925,localhost CPU,,,,,true,,0,0,0,0,null,0,0,0
1585653534324,0,localhost Disks I/O,,,,,true,,0,0,0,0,null,0,0,0
1585653535324,61697,localhost Memory,,,,,true,,0,0,0,0,null,0,0,0
1585653535324,1950,localhost CPU,,,,,true,,0,0,0,0,null,0,0,0
1585653535324,0,localhost Disks I/O,,,,,true,,0,0,0,0,null,0,0,0
1585653536325,61776,localhost Memory,,,,,true,,0,0,0,0,null,0,0,0
1585653536325,5075,localhost CPU,,,,,true,,0,0,0,0,null,0,0,0
1585653536325,0,localhost Disks I/O,,,,,true,,0,0,0,0,null,0,0,0
1585653537325,62175,localhost Memory,,,,,true,,0,0,0,0,null,0,0,0
1585653537325,50037,localhost CPU,,,,,true,,0,0,0,0,null,0,0,0
1585653537325,0,localhost Disks I/O,,,,,true,,0,0,0,0,null,0,0,0
1585653538325,62174,localhost Memory,,,,,true,,0,0,0,0,null,0,0,0
1585653538325,1550,localhost CPU,,,,,true,,0,0,0,0,null,0,0,0
1585653538325,0,localhost Disks I/O,,,,,true,,0,0,0,0,null,0,0,0
1585653539325,62173,localhost Memory,,,,,true,,0,0,0,0,null,0,0,0
1585653539325,1957,localhost CPU,,,,,true,,0,0,0,0,null,0,0,0
1585653539325,0,localhost Disks I/O,,,,,true,,0,0,0,0,null,0,0,0
1585653540326,62197,localhost Memory,,,,,true,,0,0,0,0,null,0,0,0
1585653540326,5075,localhost CPU,,,,,true,,0,0,0,0,null,0,0,0
1585653540326,0,localhost Disks I/O,,,,,true,,0,0,0,0,null,0,0,0
1585653541326,62182,localhost Memory,,,,,true,,0,0,0,0,null,0,0,0
1585653541326,1544,localhost CPU,,,,,true,,0,0,0,0,null,0,0,0
1585653541326,0,localhost Disks I/O,,,,,true,,0,0,0,0,null,0,0,0
1585653542327,62182,localhost Memory,,,,,true,,0,0,0,0,null,0,0,0
1585653542327,34256,localhost CPU,,,,,true,,0,0,0,0,null,0,0,0
1585653542327,0,localhost Disks I/O,,,,,true,,0,0,0,0,null,0,0,0
1585653543342,62182,localhost Memory,,,,,true,,0,0,0,0,null,0,0,0
1585653543342,2704,localhost CPU,,,,,true,,0,0,0,0,null,0,0,0
1585653543342,0,localhost Disks I/O,,,,,true,,0,0,0,0,null,0,0,0
1585653544342,62156,localhost Memory,,,,,true,,0,0,0,0,null,0,0,0
1585653544342,2725,localhost CPU,,,,,true,,0,0,0,0,null,0,0,0
1585653544342,0,localhost Disks I/O,,,,,true,,0,0,0,0,null,0,0,0
1585653545343,63525,localhost Memory,,,,,true,,0,0,0,0,null,0,0,0
1585653545343,9412,localhost CPU,,,,,true,,0,0,0,0,null,0,0,0
1585653545343,0,localhost Disks I/O,,,,,true,,0,0,0,0,null,0,0,0
1585653546343,63489,localhost Memory,,,,,true,,0,0,0,0,null,0,0,0
1585653546343,6998,localhost CPU,,,,,true,,0,0,0,0,null,0,0,0
1585653546343,0,localhost Disks I/O,,,,,true,,0,0,0,0,null,0,0,0
1585653547343,63700,localhost Memory,,,,,true,,0,0,0,0,null,0,0,0
1585653547343,16441,localhost CPU,,,,,true,,0,0,0,0,null,0,0,0
1585653547343,0,localhost Disks I/O,,,,,true,,0,0,0,0,null,0,0,0
1585653548344,63693,localhost Memory,,,,,true,,0,0,0,0,null,0,0,0
1585653548344,24587,localhost CPU,,,,,true,,0,0,0,0,null,0,0,0
1585653548344,0,localhost Disks I/O,,,,,true,,0,0,0,0,null,0,0,0
1585653549344,63667,localhost Memory,,,,,true,,0,0,0,0,null,0,0,0
1585653549344,3548,localhost CPU,,,,,true,,0,0,0,0,null,0,0,0
1585653549344,0,localhost Disks I/O,,,,,true,,0,0,0,0,null,0,0,0
1585653550344,63636,localhost Memory,,,,,true,,0,0,0,0,null,0,0,0
1585653550344,1519,localhost CPU,,,,,true,,0,0,0,0,null,0,0,0
1585653550344,0,localhost Disks I/O,,,,,true,,0,0,0,0,null,0,0,0
1585653551344,63611,localhost Memory,,,,,true,,0,0,0,0,null,0,0,0
1585653551344,800,localhost CPU,,,,,true,,0,0,0,0,null,0,0,0
1585653551344,0,localhost Disks I/O,,,,,true,,0,0,0,0,null,0,0,0
1585653552347,63580,localhost Memory,,,,,true,,0,0,0,0,null,0,0,0
1585653552347,4300,localhost CPU,,,,,true,,0,0,0,0,null,0,0,0
1585653552347,0,localhost Disks I/O,,,,,true,,0,0,0,0,null,0,0,0
1585653553347,63415,localhost Memory,,,,,true,,0,0,0,0,null,0,0,0
1585653553347,32416,localhost CPU,,,,,true,,0,0,0,0,null,0,0,0
1585653553347,0,localhost Disks I/O,,,,,true,,0,0,0,0,null,0,0,0
1585653554347,63403,localhost Memory,,,,,true,,0,0,0,0,null,0,0,0
1585653554347,6601,localhost CPU,,,,,true,,0,0,0,0,null,0,0,0
1585653554347,0,localhost Disks I/O,,,,,true,,0,0,0,0,null,0,0,0
1585653555347,61926,localhost Memory,,,,,true,,0,0,0,0,null,0,0,0
1585653555347,24320,localhost CPU,,,,,true,,0,0,0,0,null,0,0,0
1585653555347,0,localhost Disks I/O,,,,,true,,0,0,0,0,null,0,0,0
1585653556347,61870,localhost Memory,,,,,true,,0,0,0,0,null,0,0,0
1585653556347,3125,localhost CPU,,,,,true,,0,0,0,0,null,0,0,0
1585653556347,0,localhost Disks I/O,,,,,true,,0,0,0,0,null,0,0,0
1585653557347,61857,localhost Memory,,,,,true,,0,0,0,0,null,0,0,0
1585653557347,1959,localhost CPU,,,,,true,,0,0,0,0,null,0,0,0
1585653557347,0,localhost Disks I/O,,,,,true,,0,0,0,0,null,0,0,0
1585653558348,61838,localhost Memory,,,,,true,,0,0,0,0,null,0,0,0
1585653558348,25768,localhost CPU,,,,,true,,0,0,0,0,null,0,0,0
1585653558348,0,localhost Disks I/O,,,,,true,,0,0,0,0,null,0,0,0
1585653559349,61635,localhost Memory,,,,,true,,0,0,0,0,null,0,0,0
1585653559349,12126,localhost CPU,,,,,true,,0,0,0,0,null,0,0,0
1585653559349,0,localhost Disks I/O,,,,,true,,0,0,0,0,null,0,0,0
1585653560350,61628,localhost Memory,,,,,true,,0,0,0,0,null,0,0,0
1585653560350,400,localhost CPU,,,,,true,,0,0,0,0,null,0,0,0
1585653560350,0,localhost Disks I/O,,,,,true,,0,0,0,0,null,0,0,0
1585653561350,61626,localhost Memory,,,,,true,,0,0,0,0,null,0,0,0
1585653561350,771,localhost CPU,,,,,true,,0,0,0,0,null,0,0,0
1585653561350,0,localhost Disks I/O,,,,,true,,0,0,0,0,null,0,0,0
1585653562351,61626,localhost Memory,,,,,true,,0,0,0,0,null,0,0,0
1585653562351,1581,localhost CPU,,,,,true,,0,0,0,0,null,0,0,0
1585653562351,0,localhost Disks I/O,,,,,true,,0,0,0,0,null,0,0,0
1585653563351,61625,localhost Memory,,,,,true,,0,0,0,0,null,0,0,0
1585653563351,1967,localhost CPU,,,,,true,,0,0,0,0,null,0,0,0
1585653563351,0,localhost Disks I/O,,,,,true,,0,0,0,0,null,0,0,0
1585653564351,61631,localhost Memory,,,,,true,,0,0,0,0,null,0,0,0
1585653564351,35772,localhost CPU,,,,,true,,0,0,0,0,null,0,0,0
1585653564351,0,localhost Disks I/O,,,,,true,,0,0,0,0,null,0,0,0
1585653565352,61630,localhost Memory,,,,,true,,0,0,0,0,null,0,0,0
1585653565352,1562,localhost CPU,,,,,true,,0,0,0,0,null,0,0,0
1585653565352,0,localhost Disks I/O,,,,,true,,0,0,0,0,null,0,0,0
1585653566352,61618,localhost Memory,,,,,true,,0,0,0,0,null,0,0,0
1585653566352,1593,localhost CPU,,,,,true,,0,0,0,0,null,0,0,0
1585653566352,0,localhost Disks I/O,,,,,true,,0,0,0,0,null,0,0,0
1585653567353,61608,localhost Memory,,,,,true,,0,0,0,0,null,0,0,0
1585653567353,4658,localhost CPU,,,,,true,,0,0,0,0,null,0,0,0
1585653567353,0,localhost Disks I/O,,,,,true,,0,0,0,0,null,0,0,0
1585653568353,61607,localhost Memory,,,,,true,,0,0,0,0,null,0,0,0
1585653568353,7056,localhost CPU,,,,,true,,0,0,0,0,null,0,0,0
1585653568353,0,localhost Disks I/O,,,,,true,,0,0,0,0,null,0,0,0
1585653569353,61581,localhost Memory,,,,,true,,0,0,0,0,null,0,0,0
1585653569353,33341,localhost CPU,,,,,true,,0,0,0,0,null,0,0,0
1585653569353,0,localhost Disks I/O,,,,,true,,0,0,0,0,null,0,0,0
1585653570354,61610,localhost Memory,,,,,true,,0,0,0,0,null,0,0,0
1585653570354,21500,localhost CPU,,,,,true,,0,0,0,0,null,0,0,0
1585653570354,0,localhost Disks I/O,,,,,true,,0,0,0,0,null,0,0,0
1585653571354,61626,localhost Memory,,,,,true,,0,0,0,0,null,0,0,0
1585653571354,6600,localhost CPU,,,,,true,,0,0,0,0,null,0,0,0
1585653571354,0,localhost Disks I/O,,,,,true,,0,0,0,0,null,0,0,0
1585653572355,61625,localhost Memory,,,,,true,,0,0,0,0,null,0,0,0
1585653572355,22590,localhost CPU,,,,,true,,0,0,0,0,null,0,0,0
1585653572355,0,localhost Disks I/O,,,,,true,,0,0,0,0,null,0,0,0
1585653573357,61624,localhost Memory,,,,,true,,0,0,0,0,null,0,0,0
1585653573357,4289,localhost CPU,,,,,true,,0,0,0,0,null,0,0,0
1585653573357,0,localhost Disks I/O,,,,,true,,0,0,0,0,null,0,0,0
1585653574362,61619,localhost Memory,,,,,true,,0,0,0,0,null,0,0,0
1585653574362,15487,localhost CPU,,,,,true,,0,0,0,0,null,0,0,0
1585653574362,0,localhost Disks I/O,,,,,true,,0,0,0,0,null,0,0,0
1585653575372,61621,localhost Memory,,,,,true,,0,0,0,0,null,0,0,0
1585653575372,28856,localhost CPU,,,,,true,,0,0,0,0,null,0,0,0
1585653575372,0,localhost Disks I/O,,,,,true,,0,0,0,0,null,0,0,0
1585653576386,61626,localhost Memory,,,,,true,,0,0,0,0,null,0,0,0
1585653576386,2289,localhost CPU,,,,,true,,0,0,0,0,null,0,0,0
1585653576386,0,localhost Disks I/O,,,,,true,,0,0,0,0,null,0,0,0
1585653577388,61626,localhost Memory,,,,,true,,0,0,0,0,null,0,0,0
1585653577388,3101,localhost CPU,,,,,true,,0,0,0,0,null,0,0,0
1585653577388,0,localhost Disks I/O,,,,,true,,0,0,0,0,null,0,0,0
1585653578388,61625,localhost Memory,,,,,true,,0,0,0,0,null,0,0,0
1585653578388,2374,localhost CPU,,,,,true,,0,0,0,0,null,0,0,0
1585653578388,0,localhost Disks I/O,,,,,true,,0,0,0,0,null,0,0,0
1585653579389,61625,localhost Memory,,,,,true,,0,0,0,0,null,0,0,0
1585653579389,3125,localhost CPU,,,,,true,,0,0,0,0,null,0,0,0
1585653579389,0,localhost Disks I/O,,,,,true,,0,0,0,0,null,0,0,0
1585653580389,61620,localhost Memory,,,,,true,,0,0,0,0,null,0,0,0
1585653580389,32808,localhost CPU,,,,,true,,0,0,0,0,null,0,0,0
1585653580389,0,localhost Disks I/O,,,,,true,,0,0,0,0,null,0,0,0
1585653581389,61616,localhost Memory,,,,,true,,0,0,0,0,null,0,0,0
1585653581389,3124,localhost CPU,,,,,true,,0,0,0,0,null,0,0,0
1585653581389,0,localhost Disks I/O,,,,,true,,0,0,0,0,null,0,0,0
1585653582389,61593,localhost Memory,,,,,true,,0,0,0,0,null,0,0,0
1585653582389,3125,localhost CPU,,,,,true,,0,0,0,0,null,0,0,0
1585653582389,0,localhost Disks I/O,,,,,true,,0,0,0,0,null,0,0,0
1585653583389,61591,localhost Memory,,,,,true,,0,0,0,0,null,0,0,0
1585653583389,3185,localhost CPU,,,,,true,,0,0,0,0,null,0,0,0
1585653583389,0,localhost Disks I/O,,,,,true,,0,0,0,0,null,0,0,0
1585653584389,61773,localhost Memory,,,,,true,,0,0,0,0,null,0,0,0
1585653584389,10513,localhost CPU,,,,,true,,0,0,0,0,null,0,0,0
1585653584389,0,localhost Disks I/O,,,,,true,,0,0,0,0,null,0,0,0
1585653585390,61765,localhost Memory,,,,,true,,0,0,0,0,null,0,0,0
1585653585390,32805,localhost CPU,,,,,true,,0,0,0,0,null,0,0,0
1585653585390,0,localhost Disks I/O,,,,,true,,0,0,0,0,null,0,0,0
1585653586390,61606,localhost Memory,,,,,true,,0,0,0,0,null,0,0,0
1585653586390,7423,localhost CPU,,,,,true,,0,0,0,0,null,0,0,0
1585653586390,0,localhost Disks I/O,,,,,true,,0,0,0,0,null,0,0,0
1585653587391,61602,localhost Memory,,,,,true,,0,0,0,0,null,0,0,0
1585653587391,3548,localhost CPU,,,,,true,,0,0,0,0,null,0,0,0
1585653587391,0,localhost Disks I/O,,,,,true,,0,0,0,0,null,0,0,0
1585653588391,61600,localhost Memory,,,,,true,,0,0,0,0,null,0,0,0
1585653588391,5850,localhost CPU,,,,,true,,0,0,0,0,null,0,0,0
1585653588391,0,localhost Disks I/O,,,,,true,,0,0,0,0,null,0,0,0
1585653589392,61605,localhost Memory,,,,,true,,0,0,0,0,null,0,0,0
1585653589392,2700,localhost CPU,,,,,true,,0,0,0,0,null,0,0,0
1585653589392,0,localhost Disks I/O,,,,,true,,0,0,0,0,null,0,0,0
1585653590392,61605,localhost Memory,,,,,true,,0,0,0,0,null,0,0,0
1585653590392,803,localhost CPU,,,,,true,,0,0,0,0,null,0,0,0
1585653590392,0,localhost Disks I/O,,,,,true,,0,0,0,0,null,0,0,0
1585653591392,61605,localhost Memory,,,,,true,,0,0,0,0,null,0,0,0
1585653591392,35401,localhost CPU,,,,,true,,0,0,0,0,null,0,0,0
1585653591392,0,localhost Disks I/O,,,,,true,,0,0,0,0,null,0,0,0
1585653592393,61605,localhost Memory,,,,,true,,0,0,0,0,null,0,0,0
1585653592393,1175,localhost CPU,,,,,true,,0,0,0,0,null,0,0,0
1585653592393,0,localhost Disks I/O,,,,,true,,0,0,0,0,null,0,0,0
1585653593394,61604,localhost Memory,,,,,true,,0,0,0,0,null,0,0,0
1585653593394,2725,localhost CPU,,,,,true,,0,0,0,0,null,0,0,0
1585653593394,0,localhost Disks I/O,,,,,true,,0,0,0,0,null,0,0,0
1585653594395,61604,localhost Memory,,,,,true,,0,0,0,0,null,0,0,0
1585653594395,3149,localhost CPU,,,,,true,,0,0,0,0,null,0,0,0
1585653594395,0,localhost Disks I/O,,,,,true,,0,0,0,0,null,0,0,0
1585653595395,61596,localhost Memory,,,,,true,,0,0,0,0,null,0,0,0
1585653595395,2750,localhost CPU,,,,,true,,0,0,0,0,null,0,0,0
1585653595395,0,localhost Disks I/O,,,,,true,,0,0,0,0,null,0,0,0
1585653596395,61594,localhost Memory,,,,,true,,0,0,0,0,null,0,0,0
1585653596395,33684,localhost CPU,,,,,true,,0,0,0,0,null,0,0,0
1585653596395,0,localhost Disks I/O,,,,,true,,0,0,0,0,null,0,0,0
1585653597395,61594,localhost Memory,,,,,true,,0,0,0,0,null,0,0,0
1585653597395,373,localhost CPU,,,,,true,,0,0,0,0,null,0,0,0
1585653597395,0,localhost Disks I/O,,,,,true,,0,0,0,0,null,0,0,0
1585653598396,61593,localhost Memory,,,,,true,,0,0,0,0,null,0,0,0
1585653598396,5124,localhost CPU,,,,,true,,0,0,0,0,null,0,0,0
1585653598396,0,localhost Disks I/O,,,,,true,,0,0,0,0,null,0,0,0
1585653599396,61593,localhost Memory,,,,,true,,0,0,0,0,null,0,0,0
1585653599396,1125,localhost CPU,,,,,true,,0,0,0,0,null,0,0,0
1585653599396,0,localhost Disks I/O,,,,,true,,0,0,0,0,null,0,0,0
1585653600397,61631,localhost Memory,,,,,true,,0,0,0,0,null,0,0,0
1585653600397,7825,localhost CPU,,,,,true,,0,0,0,0,null,0,0,0
1585653600397,0,localhost Disks I/O,,,,,true,,0,0,0,0,null,0,0,0
1585653601398,61609,localhost Memory,,,,,true,,0,0,0,0,null,0,0,0
1585653601398,13674,localhost CPU,,,,,true,,0,0,0,0,null,0,0,0
1585653601398,0,localhost Disks I/O,,,,,true,,0,0,0,0,null,0,0,0
1585653602398,61607,localhost Memory,,,,,true,,0,0,0,0,null,0,0,0
1585653602398,23730,localhost CPU,,,,,true,,0,0,0,0,null,0,0,0
1585653602398,0,localhost Disks I/O,,,,,true,,0,0,0,0,null,0,0,0
1585653603398,61607,localhost Memory,,,,,true,,0,0,0,0,null,0,0,0
1585653603398,1950,localhost CPU,,,,,true,,0,0,0,0,null,0,0,0
1585653603398,0,localhost Disks I/O,,,,,true,,0,0,0,0,null,0,0,0
1585653604398,61605,localhost Memory,,,,,true,,0,0,0,0,null,0,0,0
1585653604398,2706,localhost CPU,,,,,true,,0,0,0,0,null,0,0,0
1585653604398,0,localhost Disks I/O,,,,,true,,0,0,0,0,null,0,0,0
1585653605399,61608,localhost Memory,,,,,true,,0,0,0,0,null,0,0,0
1585653605399,3100,localhost CPU,,,,,true,,0,0,0,0,null,0,0,0
1585653605399,0,localhost Disks I/O,,,,,true,,0,0,0,0,null,0,0,0
1585653606399,61601,localhost Memory,,,,,true,,0,0,0,0,null,0,0,0
1585653606399,5097,localhost CPU,,,,,true,,0,0,0,0,null,0,0,0
1585653606399,0,localhost Disks I/O,,,,,true,,0,0,0,0,null,0,0,0
1585653607399,61596,localhost Memory,,,,,true,,0,0,0,0,null,0,0,0
1585653607399,33608,localhost CPU,,,,,true,,0,0,0,0,null,0,0,0
1585653607399,0,localhost Disks I/O,,,,,true,,0,0,0,0,null,0,0,0
1585653608399,61778,localhost Memory,,,,,true,,0,0,0,0,null,0,0,0
1585653608399,12032,localhost CPU,,,,,true,,0,0,0,0,null,0,0,0
1585653608399,0,localhost Disks I/O,,,,,true,,0,0,0,0,null,0,0,0
1585653609399,61777,localhost Memory,,,,,true,,0,0,0,0,null,0,0,0
1585653609399,3561,localhost CPU,,,,,true,,0,0,0,0,null,0,0,0
1585653609399,0,localhost Disks I/O,,,,,true,,0,0,0,0,null,0,0,0
1585653610400,61771,localhost Memory,,,,,true,,0,0,0,0,null,0,0,0
1585653610400,1575,localhost CPU,,,,,true,,0,0,0,0,null,0,0,0
1585653610400,0,localhost Disks I/O,,,,,true,,0,0,0,0,null,0,0,0
1585653611400,61667,localhost Memory,,,,,true,,0,0,0,0,null,0,0,0
1585653611400,1514,localhost CPU,,,,,true,,0,0,0,0,null,0,0,0
1585653611400,0,localhost Disks I/O,,,,,true,,0,0,0,0,null,0,0,0
1585653612417,61673,localhost Memory,,,,,true,,0,0,0,0,null,0,0,0
1585653612417,35001,localhost CPU,,,,,true,,0,0,0,0,null,0,0,0
1585653612417,0,localhost Disks I/O,,,,,true,,0,0,0,0,null,0,0,0
1585653613417,61652,localhost Memory,,,,,true,,0,0,0,0,null,0,0,0
1585653613417,19950,localhost CPU,,,,,true,,0,0,0,0,null,0,0,0
1585653613417,0,localhost Disks I/O,,,,,true,,0,0,0,0,null,0,0,0
1585653614417,61648,localhost Memory,,,,,true,,0,0,0,0,null,0,0,0
1585653614417,2330,localhost CPU,,,,,true,,0,0,0,0,null,0,0,0
1585653614417,0,localhost Disks I/O,,,,,true,,0,0,0,0,null,0,0,0
1585653615418,61647,localhost Memory,,,,,true,,0,0,0,0,null,0,0,0
1585653615418,3125,localhost CPU,,,,,true,,0,0,0,0,null,0,0,0
1585653615418,0,localhost Disks I/O,,,,,true,,0,0,0,0,null,0,0,0
1585653616418,60796,localhost Memory,,,,,true,,0,0,0,0,null,0,0,0
1585653616418,12521,localhost CPU,,,,,true,,0,0,0,0,null,0,0,0
1585653616418,0,localhost Disks I/O,,,,,true,,0,0,0,0,null,0,0,0
1585653617419,60816,localhost Memory,,,,,true,,0,0,0,0,null,0,0,0
1585653617419,747,localhost CPU,,,,,true,,0,0,0,0,null,0,0,0
1585653617419,0,localhost Disks I/O,,,,,true,,0,0,0,0,null,0,0,0
1585653618419,60896,localhost Memory,,,,,true,,0,0,0,0,null,0,0,0
1585653618419,33007,localhost CPU,,,,,true,,0,0,0,0,null,0,0,0
1585653618419,0,localhost Disks I/O,,,,,true,,0,0,0,0,null,0,0,0
1585653619420,60891,localhost Memory,,,,,true,,0,0,0,0,null,0,0,0
1585653619420,2725,localhost CPU,,,,,true,,0,0,0,0,null,0,0,0
1585653619420,0,localhost Disks I/O,,,,,true,,0,0,0,0,null,0,0,0
1585653620420,60889,localhost Memory,,,,,true,,0,0,0,0,null,0,0,0
1585653620420,0,localhost CPU,,,,,true,,0,0,0,0,null,0,0,0
1585653620420,0,localhost Disks I/O,,,,,true,,0,0,0,0,null,0,0,0
1585653621420,60889,localhost Memory,,,,,true,,0,0,0,0,null,0,0,0
1585653621420,747,localhost CPU,,,,,true,,0,0,0,0,null,0,0,0
1585653621420,0,localhost Disks I/O,,,,,true,,0,0,0,0,null,0,0,0
1585653622420,60889,localhost Memory,,,,,true,,0,0,0,0,null,0,0,0
1585653622420,3124,localhost CPU,,,,,true,,0,0,0,0,null,0,0,0
1585653622420,0,localhost Disks I/O,,,,,true,,0,0,0,0,null,0,0,0
1585653623420,60918,localhost Memory,,,,,true,,0,0,0,0,null,0,0,0
1585653623420,32033,localhost CPU,,,,,true,,0,0,0,0,null,0,0,0
1585653623420,0,localhost Disks I/O,,,,,true,,0,0,0,0,null,0,0,0
1585653624421,60916,localhost Memory,,,,,true,,0,0,0,0,null,0,0,0
1585653624421,3525,localhost CPU,,,,,true,,0,0,0,0,null,0,0,0
1585653624421,0,localhost Disks I/O,,,,,true,,0,0,0,0,null,0,0,0
1585653625421,60913,localhost Memory,,,,,true,,0,0,0,0,null,0,0,0
1585653625421,2700,localhost CPU,,,,,true,,0,0,0,0,null,0,0,0
1585653625421,0,localhost Disks I/O,,,,,true,,0,0,0,0,null,0,0,0
1585653626422,60916,localhost Memory,,,,,true,,0,0,0,0,null,0,0,0
1585653626422,2785,localhost CPU,,,,,true,,0,0,0,0,null,0,0,0
1585653626422,0,localhost Disks I/O,,,,,true,,0,0,0,0,null,0,0,0
1585653627422,60915,localhost Memory,,,,,true,,0,0,0,0,null,0,0,0
1585653627422,1966,localhost CPU,,,,,true,,0,0,0,0,null,0,0,0
1585653627422,0,localhost Disks I/O,,,,,true,,0,0,0,0,null,0,0,0
1585653628423,60927,localhost Memory,,,,,true,,0,0,0,0,null,0,0,0
1585653628423,10488,localhost CPU,,,,,true,,0,0,0,0,null,0,0,0
1585653628423,0,localhost Disks I/O,,,,,true,,0,0,0,0,null,0,0,0
1585653629424,60923,localhost Memory,,,,,true,,0,0,0,0,null,0,0,0
1585653629424,32262,localhost CPU,,,,,true,,0,0,0,0,null,0,0,0
1585653629424,0,localhost Disks I/O,,,,,true,,0,0,0,0,null,0,0,0
1585653630424,60923,localhost Memory,,,,,true,,0,0,0,0,null,0,0,0
1585653630424,4700,localhost CPU,,,,,true,,0,0,0,0,null,0,0,0
1585653630424,0,localhost Disks I/O,,,,,true,,0,0,0,0,null,0,0,0
1585653631425,61112,localhost Memory,,,,,true,,0,0,0,0,null,0,0,0
1585653631425,26095,localhost CPU,,,,,true,,0,0,0,0,null,0,0,0
1585653631425,0,localhost Disks I/O,,,,,true,,0,0,0,0,null,0,0,0
1585653632426,61143,localhost Memory,,,,,true,,0,0,0,0,null,0,0,0
1585653632426,37310,localhost CPU,,,,,true,,0,0,0,0,null,0,0,0
1585653632426,0,localhost Disks I/O,,,,,true,,0,0,0,0,null,0,0,0
1585653633426,61142,localhost Memory,,,,,true,,0,0,0,0,null,0,0,0
1585653633426,9020,localhost CPU,,,,,true,,0,0,0,0,null,0,0,0
1585653633426,0,localhost Disks I/O,,,,,true,,0,0,0,0,null,0,0,0
1585653634426,61247,localhost Memory,,,,,true,,0,0,0,0,null,0,0,0
1585653634426,37509,localhost CPU,,,,,true,,0,0,0,0,null,0,0,0
1585653634426,0,localhost Disks I/O,,,,,true,,0,0,0,0,null,0,0,0
1585653635426,61251,localhost Memory,,,,,true,,0,0,0,0,null,0,0,0
1585653635426,4721,localhost CPU,,,,,true,,0,0,0,0,null,0,0,0
1585653635426,0,localhost Disks I/O,,,,,true,,0,0,0,0,null,0,0,0
1585653636427,61245,localhost Memory,,,,,true,,0,0,0,0,null,0,0,0
1585653636427,1550,localhost CPU,,,,,true,,0,0,0,0,null,0,0,0
1585653636427,0,localhost Disks I/O,,,,,true,,0,0,0,0,null,0,0,0
1585653637427,61245,localhost Memory,,,,,true,,0,0,0,0,null,0,0,0
1585653637427,1903,localhost CPU,,,,,true,,0,0,0,0,null,0,0,0
1585653637427,0,localhost Disks I/O,,,,,true,,0,0,0,0,null,0,0,0
1585653638427,61246,localhost Memory,,,,,true,,0,0,0,0,null,0,0,0
1585653638427,2378,localhost CPU,,,,,true,,0,0,0,0,null,0,0,0
1585653638427,0,localhost Disks I/O,,,,,true,,0,0,0,0,null,0,0,0
1585653639428,61392,localhost Memory,,,,,true,,0,0,0,0,null,0,0,0
1585653639428,22648,localhost CPU,,,,,true,,0,0,0,0,null,0,0,0
1585653639428,0,localhost Disks I/O,,,,,true,,0,0,0,0,null,0,0,0
1585653640429,61432,localhost Memory,,,,,true,,0,0,0,0,null,0,0,0
1585653640429,15328,localhost CPU,,,,,true,,0,0,0,0,null,0,0,0
1585653640429,0,localhost Disks I/O,,,,,true,,0,0,0,0,null,0,0,0
1585653641430,61431,localhost Memory,,,,,true,,0,0,0,0,null,0,0,0
1585653641430,3114,localhost CPU,,,,,true,,0,0,0,0,null,0,0,0
1585653641430,0,localhost Disks I/O,,,,,true,,0,0,0,0,null,0,0,0
1585653642431,61417,localhost Memory,,,,,true,,0,0,0,0,null,0,0,0
1585653642431,3523,localhost CPU,,,,,true,,0,0,0,0,null,0,0,0
1585653642431,0,localhost Disks I/O,,,,,true,,0,0,0,0,null,0,0,0
1585653643431,61418,localhost Memory,,,,,true,,0,0,0,0,null,0,0,0
1585653643431,1958,localhost CPU,,,,,true,,0,0,0,0,null,0,0,0
1585653643431,0,localhost Disks I/O,,,,,true,,0,0,0,0,null,0,0,0
1585653644431,61430,localhost Memory,,,,,true,,0,0,0,0,null,0,0,0
1585653644431,4297,localhost CPU,,,,,true,,0,0,0,0,null,0,0,0
1585653644431,0,localhost Disks I/O,,,,,true,,0,0,0,0,null,0,0,0
1585653645431,63062,localhost Memory,,,,,true,,0,0,0,0,null,0,0,0
1585653645431,47261,localhost CPU,,,,,true,,0,0,0,0,null,0,0,0
1585653645431,0,localhost Disks I/O,,,,,true,,0,0,0,0,null,0,0,0
1585653646432,63040,localhost Memory,,,,,true,,0,0,0,0,null,0,0,0
1585653646432,6598,localhost CPU,,,,,true,,0,0,0,0,null,0,0,0
1585653646432,0,localhost Disks I/O,,,,,true,,0,0,0,0,null,0,0,0
1585653647432,62912,localhost Memory,,,,,true,,0,0,0,0,null,0,0,0
1585653647432,4290,localhost CPU,,,,,true,,0,0,0,0,null,0,0,0
1585653647432,0,localhost Disks I/O,,,,,true,,0,0,0,0,null,0,0,0
1585653648433,62940,localhost Memory,,,,,true,,0,0,0,0,null,0,0,0
1585653648433,4760,localhost CPU,,,,,true,,0,0,0,0,null,0,0,0
1585653648433,0,localhost Disks I/O,,,,,true,,0,0,0,0,null,0,0,0
1585653649433,62960,localhost Memory,,,,,true,,0,0,0,0,null,0,0,0
1585653649433,3425,localhost CPU,,,,,true,,0,0,0,0,null,0,0,0
1585653649433,0,localhost Disks I/O,,,,,true,,0,0,0,0,null,0,0,0
1585653650433,63059,localhost Memory,,,,,true,,0,0,0,0,null,0,0,0
1585653650433,32058,localhost CPU,,,,,true,,0,0,0,0,null,0,0,0
1585653650433,0,localhost Disks I/O,,,,,true,,0,0,0,0,null,0,0,0
1585653651434,63035,localhost Memory,,,,,true,,0,0,0,0,null,0,0,0
1585653651434,3100,localhost CPU,,,,,true,,0,0,0,0,null,0,0,0
1585653651434,0,localhost Disks I/O,,,,,true,,0,0,0,0,null,0,0,0
1585653652434,63045,localhost Memory,,,,,true,,0,0,0,0,null,0,0,0
1585653652434,9412,localhost CPU,,,,,true,,0,0,0,0,null,0,0,0
1585653652434,0,localhost Disks I/O,,,,,true,,0,0,0,0,null,0,0,0
1585653653434,63057,localhost Memory,,,,,true,,0,0,0,0,null,0,0,0
1585653653434,1917,localhost CPU,,,,,true,,0,0,0,0,null,0,0,0
1585653653434,0,localhost Disks I/O,,,,,true,,0,0,0,0,null,0,0,0
1585653654434,63254,localhost Memory,,,,,true,,0,0,0,0,null,0,0,0
1585653654434,5897,localhost CPU,,,,,true,,0,0,0,0,null,0,0,0
1585653654434,0,localhost Disks I/O,,,,,true,,0,0,0,0,null,0,0,0
1585653655435,61866,localhost Memory,,,,,true,,0,0,0,0,null,0,0,0
1585653655435,38515,localhost CPU,,,,,true,,0,0,0,0,null,0,0,0
1585653655435,0,localhost Disks I/O,,,,,true,,0,0,0,0,null,0,0,0
1585653656436,61770,localhost Memory,,,,,true,,0,0,0,0,null,0,0,0
1585653656436,36214,localhost CPU,,,,,true,,0,0,0,0,null,0,0,0
1585653656436,0,localhost Disks I/O,,,,,true,,0,0,0,0,null,0,0,0
1585653657436,61768,localhost Memory,,,,,true,,0,0,0,0,null,0,0,0
1585653657436,7023,localhost CPU,,,,,true,,0,0,0,0,null,0,0,0
1585653657436,0,localhost Disks I/O,,,,,true,,0,0,0,0,null,0,0,0
1585653658437,61768,localhost Memory,,,,,true,,0,0,0,0,null,0,0,0
1585653658437,3924,localhost CPU,,,,,true,,0,0,0,0,null,0,0,0
1585653658437,0,localhost Disks I/O,,,,,true,,0,0,0,0,null,0,0,0
1585653659437,61760,localhost Memory,,,,,true,,0,0,0,0,null,0,0,0
1585653659437,2325,localhost CPU,,,,,true,,0,0,0,0,null,0,0,0
1585653659437,0,localhost Disks I/O,,,,,true,,0,0,0,0,null,0,0,0
1585653660437,61907,localhost Memory,,,,,true,,0,0,0,0,null,0,0,0
1585653660437,8209,localhost CPU,,,,,true,,0,0,0,0,null,0,0,0
1585653660437,0,localhost Disks I/O,,,,,true,,0,0,0,0,null,0,0,0
1585653661437,61885,localhost Memory,,,,,true,,0,0,0,0,null,0,0,0
1585653661437,33466,localhost CPU,,,,,true,,0,0,0,0,null,0,0,0
1585653661437,0,localhost Disks I/O,,,,,true,,0,0,0,0,null,0,0,0
1585653662438,62006,localhost Memory,,,,,true,,0,0,0,0,null,0,0,0
1585653662438,5078,localhost CPU,,,,,true,,0,0,0,0,null,0,0,0
1585653662438,0,localhost Disks I/O,,,,,true,,0,0,0,0,null,0,0,0
1585653663438,62005,localhost Memory,,,,,true,,0,0,0,0,null,0,0,0
1585653663438,4334,localhost CPU,,,,,true,,0,0,0,0,null,0,0,0
1585653663438,0,localhost Disks I/O,,,,,true,,0,0,0,0,null,0,0,0
1585653664438,62002,localhost Memory,,,,,true,,0,0,0,0,null,0,0,0
1585653664438,1537,localhost CPU,,,,,true,,0,0,0,0,null,0,0,0
1585653664438,0,localhost Disks I/O,,,,,true,,0,0,0,0,null,0,0,0
1585653665439,61999,localhost Memory,,,,,true,,0,0,0,0,null,0,0,0
1585653665439,3954,localhost CPU,,,,,true,,0,0,0,0,null,0,0,0
1585653665439,0,localhost Disks I/O,,,,,true,,0,0,0,0,null,0,0,0
1585653666439,62037,localhost Memory,,,,,true,,0,0,0,0,null,0,0,0
1585653666440,18125,localhost CPU,,,,,true,,0,0,0,0,null,0,0,0
1585653666440,0,localhost Disks I/O,,,,,true,,0,0,0,0,null,0,0,0
1585653667441,62048,localhost Memory,,,,,true,,0,0,0,0,null,0,0,0
1585653667441,22288,localhost CPU,,,,,true,,0,0,0,0,null,0,0,0
1585653667441,0,localhost Disks I/O,,,,,true,,0,0,0,0,null,0,0,0
1585653668441,62079,localhost Memory,,,,,true,,0,0,0,0,null,0,0,0
1585653668441,3125,localhost CPU,,,,,true,,0,0,0,0,null,0,0,0
1585653668441,0,localhost Disks I/O,,,,,true,,0,0,0,0,null,0,0,0
1585653669441,62089,localhost Memory,,,,,true,,0,0,0,0,null,0,0,0
1585653669441,2725,localhost CPU,,,,,true,,0,0,0,0,null,0,0,0
1585653669441,0,localhost Disks I/O,,,,,true,,0,0,0,0,null,0,0,0
1585653670441,62086,localhost Memory,,,,,true,,0,0,0,0,null,0,0,0
1585653670441,3525,localhost CPU,,,,,true,,0,0,0,0,null,0,0,0
1585653670441,0,localhost Disks I/O,,,,,true,,0,0,0,0,null,0,0,0
1585653671442,62094,localhost Memory,,,,,true,,0,0,0,0,null,0,0,0
1585653671442,4323,localhost CPU,,,,,true,,0,0,0,0,null,0,0,0
1585653671442,0,localhost Disks I/O,,,,,true,,0,0,0,0,null,0,0,0
1585653672443,62106,localhost Memory,,,,,true,,0,0,0,0,null,0,0,0
1585653672443,35501,localhost CPU,,,,,true,,0,0,0,0,null,0,0,0
1585653672443,0,localhost Disks I/O,,,,,true,,0,0,0,0,null,0,0,0
1585653673443,62103,localhost Memory,,,,,true,,0,0,0,0,null,0,0,0
1585653673443,3947,localhost CPU,,,,,true,,0,0,0,0,null,0,0,0
1585653673443,0,localhost Disks I/O,,,,,true,,0,0,0,0,null,0,0,0
1585653674443,62100,localhost Memory,,,,,true,,0,0,0,0,null,0,0,0
1585653674443,2350,localhost CPU,,,,,true,,0,0,0,0,null,0,0,0
1585653674443,0,localhost Disks I/O,,,,,true,,0,0,0,0,null,0,0,0
1585653675443,62153,localhost Memory,,,,,true,,0,0,0,0,null,0,0,0
1585653675443,3100,localhost CPU,,,,,true,,0,0,0,0,null,0,0,0
1585653675443,0,localhost Disks I/O,,,,,true,,0,0,0,0,null,0,0,0
1585653676443,62224,localhost Memory,,,,,true,,0,0,0,0,null,0,0,0
1585653676443,7395,localhost CPU,,,,,true,,0,0,0,0,null,0,0,0
1585653676443,0,localhost Disks I/O,,,,,true,,0,0,0,0,null,0,0,0
1585653677443,62326,localhost Memory,,,,,true,,0,0,0,0,null,0,0,0
1585653677443,33991,localhost CPU,,,,,true,,0,0,0,0,null,0,0,0
1585653677443,0,localhost Disks I/O,,,,,true,,0,0,0,0,null,0,0,0
1585653678444,62342,localhost Memory,,,,,true,,0,0,0,0,null,0,0,0
1585653678444,7049,localhost CPU,,,,,true,,0,0,0,0,null,0,0,0
1585653678444,0,localhost Disks I/O,,,,,true,,0,0,0,0,null,0,0,0
1585653679444,62343,localhost Memory,,,,,true,,0,0,0,0,null,0,0,0
1585653679444,3449,localhost CPU,,,,,true,,0,0,0,0,null,0,0,0
1585653679444,0,localhost Disks I/O,,,,,true,,0,0,0,0,null,0,0,0
1585653680444,62442,localhost Memory,,,,,true,,0,0,0,0,null,0,0,0
1585653680444,3112,localhost CPU,,,,,true,,0,0,0,0,null,0,0,0
1585653680444,0,localhost Disks I/O,,,,,true,,0,0,0,0,null,0,0,0
1585653681444,62433,localhost Memory,,,,,true,,0,0,0,0,null,0,0,0
1585653681444,1175,localhost CPU,,,,,true,,0,0,0,0,null,0,0,0
1585653681444,0,localhost Disks I/O,,,,,true,,0,0,0,0,null,0,0,0
1585653682445,62427,localhost Memory,,,,,true,,0,0,0,0,null,0,0,0
1585653682445,5054,localhost CPU,,,,,true,,0,0,0,0,null,0,0,0
1585653682445,0,localhost Disks I/O,,,,,true,,0,0,0,0,null,0,0,0
1585653683446,62425,localhost Memory,,,,,true,,0,0,0,0,null,0,0,0
1585653683446,33734,localhost CPU,,,,,true,,0,0,0,0,null,0,0,0
1585653683446,0,localhost Disks I/O,,,,,true,,0,0,0,0,null,0,0,0
1585653684446,62424,localhost Memory,,,,,true,,0,0,0,0,null,0,0,0
1585653684446,2315,localhost CPU,,,,,true,,0,0,0,0,null,0,0,0
1585653684446,0,localhost Disks I/O,,,,,true,,0,0,0,0,null,0,0,0
1585653685447,62420,localhost Memory,,,,,true,,0,0,0,0,null,0,0,0
1585653685447,2341,localhost CPU,,,,,true,,0,0,0,0,null,0,0,0
1585653685447,0,localhost Disks I/O,,,,,true,,0,0,0,0,null,0,0,0
1585653686448,62521,localhost Memory,,,,,true,,0,0,0,0,null,0,0,0
1585653686448,3573,localhost CPU,,,,,true,,0,0,0,0,null,0,0,0
1585653686448,0,localhost Disks I/O,,,,,true,,0,0,0,0,null,0,0,0
1585653687448,62546,localhost Memory,,,,,true,,0,0,0,0,null,0,0,0
1585653687448,3112,localhost CPU,,,,,true,,0,0,0,0,null,0,0,0
1585653687448,0,localhost Disks I/O,,,,,true,,0,0,0,0,null,0,0,0
1585653688448,62615,localhost Memory,,,,,true,,0,0,0,0,null,0,0,0
1585653688448,37205,localhost CPU,,,,,true,,0,0,0,0,null,0,0,0
1585653688448,0,localhost Disks I/O,,,,,true,,0,0,0,0,null,0,0,0
1585653689448,62640,localhost Memory,,,,,true,,0,0,0,0,null,0,0,0
1585653689448,3161,localhost CPU,,,,,true,,0,0,0,0,null,0,0,0
1585653689448,0,localhost Disks I/O,,,,,true,,0,0,0,0,null,0,0,0
1585653690448,62687,localhost Memory,,,,,true,,0,0,0,0,null,0,0,0
1585653690448,3836,localhost CPU,,,,,true,,0,0,0,0,null,0,0,0
1585653690448,0,localhost Disks I/O,,,,,true,,0,0,0,0,null,0,0,0
1585653691449,62687,localhost Memory,,,,,true,,0,0,0,0,null,0,0,0
1585653691449,2350,localhost CPU,,,,,true,,0,0,0,0,null,0,0,0
1585653691449,0,localhost Disks I/O,,,,,true,,0,0,0,0,null,0,0,0
1585653692460,62726,localhost Memory,,,,,true,,0,0,0,0,null,0,0,0
1585653692460,6154,localhost CPU,,,,,true,,0,0,0,0,null,0,0,0
1585653692460,0,localhost Disks I/O,,,,,true,,0,0,0,0,null,0,0,0
1585653693466,62727,localhost Memory,,,,,true,,0,0,0,0,null,0,0,0
1585653693466,18686,localhost CPU,,,,,true,,0,0,0,0,null,0,0,0
1585653693466,0,localhost Disks I/O,,,,,true,,0,0,0,0,null,0,0,0
1585653694469,62767,localhost Memory,,,,,true,,0,0,0,0,null,0,0,0
1585653694469,24539,localhost CPU,,,,,true,,0,0,0,0,null,0,0,0
1585653694469,0,localhost Disks I/O,,,,,true,,0,0,0,0,null,0,0,0
1585653695471,62763,localhost Memory,,,,,true,,0,0,0,0,null,0,0,0
1585653695471,4657,localhost CPU,,,,,true,,0,0,0,0,null,0,0,0
1585653695471,0,localhost Disks I/O,,,,,true,,0,0,0,0,null,0,0,0
1585653696471,62864,localhost Memory,,,,,true,,0,0,0,0,null,0,0,0
1585653696471,4628,localhost CPU,,,,,true,,0,0,0,0,null,0,0,0
1585653696471,0,localhost Disks I/O,,,,,true,,0,0,0,0,null,0,0,0
1585653697485,62881,localhost Memory,,,,,true,,0,0,0,0,null,0,0,0
1585653697485,4674,localhost CPU,,,,,true,,0,0,0,0,null,0,0,0
1585653697485,0,localhost Disks I/O,,,,,true,,0,0,0,0,null,0,0,0
1585653698485,62875,localhost Memory,,,,,true,,0,0,0,0,null,0,0,0
1585653698485,3500,localhost CPU,,,,,true,,0,0,0,0,null,0,0,0
1585653698485,0,localhost Disks I/O,,,,,true,,0,0,0,0,null,0,0,0
1585653699485,62969,localhost Memory,,,,,true,,0,0,0,0,null,0,0,0
1585653699485,33109,localhost CPU,,,,,true,,0,0,0,0,null,0,0,0
1585653699485,0,localhost Disks I/O,,,,,true,,0,0,0,0,null,0,0,0
1585653700485,62988,localhost Memory,,,,,true,,0,0,0,0,null,0,0,0
1585653700485,3875,localhost CPU,,,,,true,,0,0,0,0,null,0,0,0
1585653700485,0,localhost Disks I/O,,,,,true,,0,0,0,0,null,0,0,0
1585653701485,63035,localhost Memory,,,,,true,,0,0,0,0,null,0,0,0
1585653701485,3150,localhost CPU,,,,,true,,0,0,0,0,null,0,0,0
1585653701485,0,localhost Disks I/O,,,,,true,,0,0,0,0,null,0,0,0
1585653702486,63078,localhost Memory,,,,,true,,0,0,0,0,null,0,0,0
1585653702486,5449,localhost CPU,,,,,true,,0,0,0,0,null,0,0,0
1585653702486,0,localhost Disks I/O,,,,,true,,0,0,0,0,null,0,0,0
1585653703486,63124,localhost Memory,,,,,true,,0,0,0,0,null,0,0,0
1585653703486,3500,localhost CPU,,,,,true,,0,0,0,0,null,0,0,0
1585653703486,0,localhost Disks I/O,,,,,true,,0,0,0,0,null,0,0,0
1585653704487,63195,localhost Memory,,,,,true,,0,0,0,0,null,0,0,0
1585653704487,29987,localhost CPU,,,,,true,,0,0,0,0,null,0,0,0
1585653704487,0,localhost Disks I/O,,,,,true,,0,0,0,0,null,0,0,0
1585653705487,64794,localhost Memory,,,,,true,,0,0,0,0,null,0,0,0
1585653705487,15143,localhost CPU,,,,,true,,0,0,0,0,null,0,0,0
1585653705487,0,localhost Disks I/O,,,,,true,,0,0,0,0,null,0,0,0
1585653706493,64796,localhost Memory,,,,,true,,0,0,0,0,null,0,0,0
1585653706493,4625,localhost CPU,,,,,true,,0,0,0,0,null,0,0,0
1585653706493,0,localhost Disks I/O,,,,,true,,0,0,0,0,null,0,0,0
1585653707496,64787,localhost Memory,,,,,true,,0,0,0,0,null,0,0,0
1585653707496,7054,localhost CPU,,,,,true,,0,0,0,0,null,0,0,0
1585653707496,0,localhost Disks I/O,,,,,true,,0,0,0,0,null,0,0,0
1585653708496,64814,localhost Memory,,,,,true,,0,0,0,0,null,0,0,0
1585653708496,5079,localhost CPU,,,,,true,,0,0,0,0,null,0,0,0
1585653708496,0,localhost Disks I/O,,,,,true,,0,0,0,0,null,0,0,0
1585653709496,64935,localhost Memory,,,,,true,,0,0,0,0,null,0,0,0
1585653709496,3908,localhost CPU,,,,,true,,0,0,0,0,null,0,0,0
1585653709496,0,localhost Disks I/O,,,,,true,,0,0,0,0,null,0,0,0
1585653710497,64947,localhost Memory,,,,,true,,0,0,0,0,null,0,0,0
1585653710497,40411,localhost CPU,,,,,true,,0,0,0,0,null,0,0,0
1585653710497,0,localhost Disks I/O,,,,,true,,0,0,0,0,null,0,0,0
1585653711497,64949,localhost Memory,,,,,true,,0,0,0,0,null,0,0,0
1585653711497,7692,localhost CPU,,,,,true,,0,0,0,0,null,0,0,0
1585653711497,0,localhost Disks I/O,,,,,true,,0,0,0,0,null,0,0,0
1585653712498,64941,localhost Memory,,,,,true,,0,0,0,0,null,0,0,0
1585653712498,3136,localhost CPU,,,,,true,,0,0,0,0,null,0,0,0
1585653712498,0,localhost Disks I/O,,,,,true,,0,0,0,0,null,0,0,0
1585653713499,64966,localhost Memory,,,,,true,,0,0,0,0,null,0,0,0
1585653713499,4260,localhost CPU,,,,,true,,0,0,0,0,null,0,0,0
1585653713499,0,localhost Disks I/O,,,,,true,,0,0,0,0,null,0,0,0
1585653714500,64980,localhost Memory,,,,,true,,0,0,0,0,null,0,0,0
1585653714500,3947,localhost CPU,,,,,true,,0,0,0,0,null,0,0,0
1585653714500,0,localhost Disks I/O,,,,,true,,0,0,0,0,null,0,0,0
1585653715500,63554,localhost Memory,,,,,true,,0,0,0,0,null,0,0,0
1585653715500,62915,localhost CPU,,,,,true,,0,0,0,0,null,0,0,0
1585653715500,0,localhost Disks I/O,,,,,true,,0,0,0,0,null,0,0,0
1585653716500,63093,localhost Memory,,,,,true,,0,0,0,0,null,0,0,0
1585653716500,8200,localhost CPU,,,,,true,,0,0,0,0,null,0,0,0
1585653716500,0,localhost Disks I/O,,,,,true,,0,0,0,0,null,0,0,0
1585653717500,63094,localhost Memory,,,,,true,,0,0,0,0,null,0,0,0
1585653717500,5828,localhost CPU,,,,,true,,0,0,0,0,null,0,0,0
1585653717500,0,localhost Disks I/O,,,,,true,,0,0,0,0,null,0,0,0
1585653718501,63094,localhost Memory,,,,,true,,0,0,0,0,null,0,0,0
1585653718501,3938,localhost CPU,,,,,true,,0,0,0,0,null,0,0,0
1585653718501,0,localhost Disks I/O,,,,,true,,0,0,0,0,null,0,0,0
1585653719501,63080,localhost Memory,,,,,true,,0,0,0,0,null,0,0,0
1585653719501,3885,localhost CPU,,,,,true,,0,0,0,0,null,0,0,0
1585653719501,0,localhost Disks I/O,,,,,true,,0,0,0,0,null,0,0,0
1585653720502,63254,localhost Memory,,,,,true,,0,0,0,0,null,0,0,0
1585653720502,15566,localhost CPU,,,,,true,,0,0,0,0,null,0,0,0
1585653720502,0,localhost Disks I/O,,,,,true,,0,0,0,0,null,0,0,0
1585653721502,63254,localhost Memory,,,,,true,,0,0,0,0,null,0,0,0
1585653721502,27331,localhost CPU,,,,,true,,0,0,0,0,null,0,0,0
1585653721502,0,localhost Disks I/O,,,,,true,,0,0,0,0,null,0,0,0
1585653722503,63251,localhost Memory,,,,,true,,0,0,0,0,null,0,0,0
1585653722503,3538,localhost CPU,,,,,true,,0,0,0,0,null,0,0,0
1585653722503,0,localhost Disks I/O,,,,,true,,0,0,0,0,null,0,0,0
1585653723503,63249,localhost Memory,,,,,true,,0,0,0,0,null,0,0,0
1585653723503,2714,localhost CPU,,,,,true,,0,0,0,0,null,0,0,0
1585653723503,0,localhost Disks I/O,,,,,true,,0,0,0,0,null,0,0,0
1585653724503,63382,localhost Memory,,,,,true,,0,0,0,0,null,0,0,0
1585653724503,5873,localhost CPU,,,,,true,,0,0,0,0,null,0,0,0
1585653724503,0,localhost Disks I/O,,,,,true,,0,0,0,0,null,0,0,0
1585653725503,63426,localhost Memory,,,,,true,,0,0,0,0,null,0,0,0
1585653725503,3462,localhost CPU,,,,,true,,0,0,0,0,null,0,0,0
1585653725503,0,localhost Disks I/O,,,,,true,,0,0,0,0,null,0,0,0
1585653726504,63423,localhost Memory,,,,,true,,0,0,0,0,null,0,0,0
1585653726504,35582,localhost CPU,,,,,true,,0,0,0,0,null,0,0,0
1585653726504,0,localhost Disks I/O,,,,,true,,0,0,0,0,null,0,0,0
1585653727505,63446,localhost Memory,,,,,true,,0,0,0,0,null,0,0,0
1585653727505,7399,localhost CPU,,,,,true,,0,0,0,0,null,0,0,0
1585653727505,0,localhost Disks I/O,,,,,true,,0,0,0,0,null,0,0,0
1585653728505,63499,localhost Memory,,,,,true,,0,0,0,0,null,0,0,0
1585653728505,7801,localhost CPU,,,,,true,,0,0,0,0,null,0,0,0
1585653728505,0,localhost Disks I/O,,,,,true,,0,0,0,0,null,0,0,0
1585653729506,63503,localhost Memory,,,,,true,,0,0,0,0,null,0,0,0
1585653729506,2750,localhost CPU,,,,,true,,0,0,0,0,null,0,0,0
1585653729506,0,localhost Disks I/O,,,,,true,,0,0,0,0,null,0,0,0
1585653730507,63596,localhost Memory,,,,,true,,0,0,0,0,null,0,0,0
1585653730507,6250,localhost CPU,,,,,true,,0,0,0,0,null,0,0,0
1585653730507,0,localhost Disks I/O,,,,,true,,0,0,0,0,null,0,0,0
1585653731507,63761,localhost Memory,,,,,true,,0,0,0,0,null,0,0,0
1585653731507,37525,localhost CPU,,,,,true,,0,0,0,0,null,0,0,0
1585653731507,0,localhost Disks I/O,,,,,true,,0,0,0,0,null,0,0,0
1585653732508,63702,localhost Memory,,,,,true,,0,0,0,0,null,0,0,0
1585653732508,17655,localhost CPU,,,,,true,,0,0,0,0,null,0,0,0
1585653732508,0,localhost Disks I/O,,,,,true,,0,0,0,0,null,0,0,0
1585653733508,63729,localhost Memory,,,,,true,,0,0,0,0,null,0,0,0
1585653733508,6251,localhost CPU,,,,,true,,0,0,0,0,null,0,0,0
1585653733508,0,localhost Disks I/O,,,,,true,,0,0,0,0,null,0,0,0
1585653734508,63739,localhost Memory,,,,,true,,0,0,0,0,null,0,0,0
1585653734508,5873,localhost CPU,,,,,true,,0,0,0,0,null,0,0,0
1585653734508,0,localhost Disks I/O,,,,,true,,0,0,0,0,null,0,0,0
1585653735509,63744,localhost Memory,,,,,true,,0,0,0,0,null,0,0,0
1585653735509,2373,localhost CPU,,,,,true,,0,0,0,0,null,0,0,0
1585653735509,0,localhost Disks I/O,,,,,true,,0,0,0,0,null,0,0,0
1585653736509,63743,localhost Memory,,,,,true,,0,0,0,0,null,0,0,0
1585653736509,6226,localhost CPU,,,,,true,,0,0,0,0,null,0,0,0
1585653736509,0,localhost Disks I/O,,,,,true,,0,0,0,0,null,0,0,0
1585653737510,63710,localhost Memory,,,,,true,,0,0,0,0,null,0,0,0
1585653737510,39292,localhost CPU,,,,,true,,0,0,0,0,null,0,0,0
1585653737510,0,localhost Disks I/O,,,,,true,,0,0,0,0,null,0,0,0
1585653738510,63986,localhost Memory,,,,,true,,0,0,0,0,null,0,0,0
1585653738510,36872,localhost CPU,,,,,true,,0,0,0,0,null,0,0,0
1585653738510,0,localhost Disks I/O,,,,,true,,0,0,0,0,null,0,0,0
1585653739510,63979,localhost Memory,,,,,true,,0,0,0,0,null,0,0,0
1585653739510,6653,localhost CPU,,,,,true,,0,0,0,0,null,0,0,0
1585653739510,0,localhost Disks I/O,,,,,true,,0,0,0,0,null,0,0,0
1585653740511,63979,localhost Memory,,,,,true,,0,0,0,0,null,0,0,0
1585653740511,8531,localhost CPU,,,,,true,,0,0,0,0,null,0,0,0
1585653740511,0,localhost Disks I/O,,,,,true,,0,0,0,0,null,0,0,0
1585653741512,63981,localhost Memory,,,,,true,,0,0,0,0,null,0,0,0
1585653741512,5850,localhost CPU,,,,,true,,0,0,0,0,null,0,0,0
1585653741512,0,localhost Disks I/O,,,,,true,,0,0,0,0,null,0,0,0
1585653742514,63825,localhost Memory,,,,,true,,0,0,0,0,null,0,0,0
1585653742515,44152,localhost CPU,,,,,true,,0,0,0,0,null,0,0,0
1585653742515,1000,localhost Disks I/O,,,,,true,,0,0,0,0,null,0,0,0
1585653743521,64565,localhost Memory,,,,,true,,0,0,0,0,null,0,0,0
1585653743521,92713,localhost CPU,,,,,true,,0,0,0,0,null,0,0,0
1585653743521,0,localhost Disks I/O,,,,,true,,0,0,0,0,null,0,0,0
1585653744522,66050,localhost Memory,,,,,true,,0,0,0,0,null,0,0,0
1585653744522,99222,localhost CPU,,,,,true,,0,0,0,0,null,0,0,0
1585653744522,0,localhost Disks I/O,,,,,true,,0,0,0,0,null,0,0,0
1585653745522,66532,localhost Memory,,,,,true,,0,0,0,0,null,0,0,0
1585653745522,99206,localhost CPU,,,,,true,,0,0,0,0,null,0,0,0
1585653745522,0,localhost Disks I/O,,,,,true,,0,0,0,0,null,0,0,0
1585653746523,66512,localhost Memory,,,,,true,,0,0,0,0,null,0,0,0
1585653746523,98473,localhost CPU,,,,,true,,0,0,0,0,null,0,0,0
1585653746523,5000,localhost Disks I/O,,,,,true,,0,0,0,0,null,0,0,0
1585653747526,66453,localhost Memory,,,,,true,,0,0,0,0,null,0,0,0
1585653747526,87352,localhost CPU,,,,,true,,0,0,0,0,null,0,0,0
1585653747526,0,localhost Disks I/O,,,,,true,,0,0,0,0,null,0,0,0
1585653748527,66434,localhost Memory,,,,,true,,0,0,0,0,null,0,0,0
1585653748527,94962,localhost CPU,,,,,true,,0,0,0,0,null,0,0,0
1585653748527,0,localhost Disks I/O,,,,,true,,0,0,0,0,null,0,0,0
1585653749527,66480,localhost Memory,,,,,true,,0,0,0,0,null,0,0,0
1585653749527,98883,localhost CPU,,,,,true,,0,0,0,0,null,0,0,0
1585653749527,0,localhost Disks I/O,,,,,true,,0,0,0,0,null,0,0,0
1585653750527,66644,localhost Memory,,,,,true,,0,0,0,0,null,0,0,0
1585653750527,96468,localhost CPU,,,,,true,,0,0,0,0,null,0,0,0
1585653750527,0,localhost Disks I/O,,,,,true,,0,0,0,0,null,0,0,0
1585653751528,66752,localhost Memory,,,,,true,,0,0,0,0,null,0,0,0
1585653751528,95354,localhost CPU,,,,,true,,0,0,0,0,null,0,0,0
1585653751528,2000,localhost Disks I/O,,,,,true,,0,0,0,0,null,0,0,0
1585653752528,66839,localhost Memory,,,,,true,,0,0,0,0,null,0,0,0
1585653752528,98854,localhost CPU,,,,,true,,0,0,0,0,null,0,0,0
1585653752528,0,localhost Disks I/O,,,,,true,,0,0,0,0,null,0,0,0
1585653753528,67216,localhost Memory,,,,,true,,0,0,0,0,null,0,0,0
1585653753528,100000,localhost CPU,,,,,true,,0,0,0,0,null,0,0,0
1585653753528,0,localhost Disks I/O,,,,,true,,0,0,0,0,null,0,0,0
1585653754529,67583,localhost Memory,,,,,true,,0,0,0,0,null,0,0,0
1585653754529,98829,localhost CPU,,,,,true,,0,0,0,0,null,0,0,0
1585653754529,2000,localhost Disks I/O,,,,,true,,0,0,0,0,null,0,0,0
1585653755529,68158,localhost Memory,,,,,true,,0,0,0,0,null,0,0,0
1585653755529,99601,localhost CPU,,,,,true,,0,0,0,0,null,0,0,0
1585653755529,0,localhost Disks I/O,,,,,true,,0,0,0,0,null,0,0,0
1585653756540,68307,localhost Memory,,,,,true,,0,0,0,0,null,0,0,0
1585653756540,100000,localhost CPU,,,,,true,,0,0,0,0,null,0,0,0
1585653756540,0,localhost Disks I/O,,,,,true,,0,0,0,0,null,0,0,0
1585653757541,69938,localhost Memory,,,,,true,,0,0,0,0,null,0,0,0
1585653757541,93371,localhost CPU,,,,,true,,0,0,0,0,null,0,0,0
1585653757541,50000,localhost Disks I/O,,,,,true,,0,0,0,0,null,0,0,0
1585653758546,67579,localhost Memory,,,,,true,,0,0,0,0,null,0,0,0
1585653758546,92663,localhost CPU,,,,,true,,0,0,0,0,null,0,0,0
1585653758546,0,localhost Disks I/O,,,,,true,,0,0,0,0,null,0,0,0
1585653759546,68505,localhost Memory,,,,,true,,0,0,0,0,null,0,0,0
1585653759546,99601,localhost CPU,,,,,true,,0,0,0,0,null,0,0,0
1585653759546,4000,localhost Disks I/O,,,,,true,,0,0,0,0,null,0,0,0
1585653760547,68676,localhost Memory,,,,,true,,0,0,0,0,null,0,0,0
1585653760547,100000,localhost CPU,,,,,true,,0,0,0,0,null,0,0,0
1585653760547,0,localhost Disks I/O,,,,,true,,0,0,0,0,null,0,0,0
1585653761551,67928,localhost Memory,,,,,true,,0,0,0,0,null,0,0,0
1585653761551,99600,localhost CPU,,,,,true,,0,0,0,0,null,0,0,0
1585653761551,0,localhost Disks I/O,,,,,true,,0,0,0,0,null,0,0,0
1585653762551,67763,localhost Memory,,,,,true,,0,0,0,0,null,0,0,0
1585653762551,98449,localhost CPU,,,,,true,,0,0,0,0,null,0,0,0
1585653762551,0,localhost Disks I/O,,,,,true,,0,0,0,0,null,0,0,0
1585653763551,64504,localhost Memory,,,,,true,,0,0,0,0,null,0,0,0
1585653763551,95002,localhost CPU,,,,,true,,0,0,0,0,null,0,0,0
1585653763551,0,localhost Disks I/O,,,,,true,,0,0,0,0,null,0,0,0
1585653764554,64652,localhost Memory,,,,,true,,0,0,0,0,null,0,0,0
1585653764554,90662,localhost CPU,,,,,true,,0,0,0,0,null,0,0,0
1585653764554,0,localhost Disks I/O,,,,,true,,0,0,0,0,null,0,0,0
1585653765554,64652,localhost Memory,,,,,true,,0,0,0,0,null,0,0,0
1585653765554,90600,localhost CPU,,,,,true,,0,0,0,0,null,0,0,0
1585653765554,0,localhost Disks I/O,,,,,true,,0,0,0,0,null,0,0,0
1585653766554,64594,localhost Memory,,,,,true,,0,0,0,0,null,0,0,0
1585653766554,84000,localhost CPU,,,,,true,,0,0,0,0,null,0,0,0
1585653766554,0,localhost Disks I/O,,,,,true,,0,0,0,0,null,0,0,0
1585653767555,64551,localhost Memory,,,,,true,,0,0,0,0,null,0,0,0
1585653767555,65371,localhost CPU,,,,,true,,0,0,0,0,null,0,0,0
1585653767555,0,localhost Disks I/O,,,,,true,,0,0,0,0,null,0,0,0
1585653768555,64543,localhost Memory,,,,,true,,0,0,0,0,null,0,0,0
1585653768555,32058,localhost CPU,,,,,true,,0,0,0,0,null,0,0,0
1585653768555,0,localhost Disks I/O,,,,,true,,0,0,0,0,null,0,0,0
1585653769556,64559,localhost Memory,,,,,true,,0,0,0,0,null,0,0,0
1585653769556,34366,localhost CPU,,,,,true,,0,0,0,0,null,0,0,0
1585653769556,0,localhost Disks I/O,,,,,true,,0,0,0,0,null,0,0,0
1585653770556,64659,localhost Memory,,,,,true,,0,0,0,0,null,0,0,0
1585653770556,66416,localhost CPU,,,,,true,,0,0,0,0,null,0,0,0
1585653770556,0,localhost Disks I/O,,,,,true,,0,0,0,0,null,0,0,0
1585653771557,64667,localhost Memory,,,,,true,,0,0,0,0,null,0,0,0
1585653771557,30703,localhost CPU,,,,,true,,0,0,0,0,null,0,0,0
1585653771557,0,localhost Disks I/O,,,,,true,,0,0,0,0,null,0,0,0
1585653772557,64232,localhost Memory,,,,,true,,0,0,0,0,null,0,0,0
1585653772557,29955,localhost CPU,,,,,true,,0,0,0,0,null,0,0,0
1585653772557,0,localhost Disks I/O,,,,,true,,0,0,0,0,null,0,0,0
1585653773557,64247,localhost Memory,,,,,true,,0,0,0,0,null,0,0,0
1585653773557,14413,localhost CPU,,,,,true,,0,0,0,0,null,0,0,0
1585653773557,0,localhost Disks I/O,,,,,true,,0,0,0,0,null,0,0,0
1585653774558,64241,localhost Memory,,,,,true,,0,0,0,0,null,0,0,0
1585653774558,10074,localhost CPU,,,,,true,,0,0,0,0,null,0,0,0
1585653774558,0,localhost Disks I/O,,,,,true,,0,0,0,0,null,0,0,0
1585653775558,64238,localhost Memory,,,,,true,,0,0,0,0,null,0,0,0
1585653775558,42002,localhost CPU,,,,,true,,0,0,0,0,null,0,0,0
1585653775558,0,localhost Disks I/O,,,,,true,,0,0,0,0,null,0,0,0
1585653776559,64232,localhost Memory,,,,,true,,0,0,0,0,null,0,0,0
1585653776559,8997,localhost CPU,,,,,true,,0,0,0,0,null,0,0,0
1585653776559,0,localhost Disks I/O,,,,,true,,0,0,0,0,null,0,0,0
1585653777559,64278,localhost Memory,,,,,true,,0,0,0,0,null,0,0,0
1585653777559,10947,localhost CPU,,,,,true,,0,0,0,0,null,0,0,0
1585653777559,0,localhost Disks I/O,,,,,true,,0,0,0,0,null,0,0,0
1585653778560,64287,localhost Memory,,,,,true,,0,0,0,0,null,0,0,0
1585653778560,4735,localhost CPU,,,,,true,,0,0,0,0,null,0,0,0
1585653778560,0,localhost Disks I/O,,,,,true,,0,0,0,0,null,0,0,0
1585653779560,64288,localhost Memory,,,,,true,,0,0,0,0,null,0,0,0
1585653779560,1943,localhost CPU,,,,,true,,0,0,0,0,null,0,0,0
1585653779560,0,localhost Disks I/O,,,,,true,,0,0,0,0,null,0,0,0
1585653780563,64421,localhost Memory,,,,,true,,0,0,0,0,null,0,0,0
1585653780563,11653,localhost CPU,,,,,true,,0,0,0,0,null,0,0,0
1585653780563,0,localhost Disks I/O,,,,,true,,0,0,0,0,null,0,0,0
1585653781563,64489,localhost Memory,,,,,true,,0,0,0,0,null,0,0,0
1585653781563,45324,localhost CPU,,,,,true,,0,0,0,0,null,0,0,0
1585653781563,0,localhost Disks I/O,,,,,true,,0,0,0,0,null,0,0,0
1585653782564,64465,localhost Memory,,,,,true,,0,0,0,0,null,0,0,0
1585653782564,5496,localhost CPU,,,,,true,,0,0,0,0,null,0,0,0
1585653782564,0,localhost Disks I/O,,,,,true,,0,0,0,0,null,0,0,0
1585653783564,64460,localhost Memory,,,,,true,,0,0,0,0,null,0,0,0
1585653783564,4632,localhost CPU,,,,,true,,0,0,0,0,null,0,0,0
1585653783564,0,localhost Disks I/O,,,,,true,,0,0,0,0,null,0,0,0
1585653784565,64466,localhost Memory,,,,,true,,0,0,0,0,null,0,0,0
1585653784565,3525,localhost CPU,,,,,true,,0,0,0,0,null,0,0,0
1585653784565,0,localhost Disks I/O,,,,,true,,0,0,0,0,null,0,0,0
1585653785565,64459,localhost Memory,,,,,true,,0,0,0,0,null,0,0,0
1585653785565,4340,localhost CPU,,,,,true,,0,0,0,0,null,0,0,0
1585653785565,0,localhost Disks I/O,,,,,true,,0,0,0,0,null,0,0,0
1585653786565,64471,localhost Memory,,,,,true,,0,0,0,0,null,0,0,0
1585653786565,35927,localhost CPU,,,,,true,,0,0,0,0,null,0,0,0
1585653786565,0,localhost Disks I/O,,,,,true,,0,0,0,0,null,0,0,0
1585653787566,64880,localhost Memory,,,,,true,,0,0,0,0,null,0,0,0
1585653787566,19504,localhost CPU,,,,,true,,0,0,0,0,null,0,0,0
1585653787566,0,localhost Disks I/O,,,,,true,,0,0,0,0,null,0,0,0
1585653788566,64918,localhost Memory,,,,,true,,0,0,0,0,null,0,0,0
1585653788566,33991,localhost CPU,,,,,true,,0,0,0,0,null,0,0,0
1585653788566,0,localhost Disks I/O,,,,,true,,0,0,0,0,null,0,0,0
1585653789567,64915,localhost Memory,,,,,true,,0,0,0,0,null,0,0,0
1585653789567,6248,localhost CPU,,,,,true,,0,0,0,0,null,0,0,0
1585653789567,0,localhost Disks I/O,,,,,true,,0,0,0,0,null,0,0,0
1585653790567,64914,localhost Memory,,,,,true,,0,0,0,0,null,0,0,0
1585653790567,4301,localhost CPU,,,,,true,,0,0,0,0,null,0,0,0
1585653790567,0,localhost Disks I/O,,,,,true,,0,0,0,0,null,0,0,0
1585653791567,64925,localhost Memory,,,,,true,,0,0,0,0,null,0,0,0
1585653791567,17700,localhost CPU,,,,,true,,0,0,0,0,null,0,0,0
1585653791567,0,localhost Disks I/O,,,,,true,,0,0,0,0,null,0,0,0
1585653792568,64973,localhost Memory,,,,,true,,0,0,0,0,null,0,0,0
1585653792568,24335,localhost CPU,,,,,true,,0,0,0,0,null,0,0,0
1585653792568,0,localhost Disks I/O,,,,,true,,0,0,0,0,null,0,0,0
1585653793568,64978,localhost Memory,,,,,true,,0,0,0,0,null,0,0,0
1585653793568,3915,localhost CPU,,,,,true,,0,0,0,0,null,0,0,0
1585653793568,0,localhost Disks I/O,,,,,true,,0,0,0,0,null,0,0,0
1585653794569,64999,localhost Memory,,,,,true,,0,0,0,0,null,0,0,0
1585653794569,14756,localhost CPU,,,,,true,,0,0,0,0,null,0,0,0
1585653794569,0,localhost Disks I/O,,,,,true,,0,0,0,0,null,0,0,0
1585653795570,65002,localhost Memory,,,,,true,,0,0,0,0,null,0,0,0
1585653795570,3875,localhost CPU,,,,,true,,0,0,0,0,null,0,0,0
1585653795570,0,localhost Disks I/O,,,,,true,,0,0,0,0,null,0,0,0
1585653796570,65004,localhost Memory,,,,,true,,0,0,0,0,null,0,0,0
1585653796570,3994,localhost CPU,,,,,true,,0,0,0,0,null,0,0,0
1585653796570,0,localhost Disks I/O,,,,,true,,0,0,0,0,null,0,0,0
1585653797571,64979,localhost Memory,,,,,true,,0,0,0,0,null,0,0,0
1585653797571,41118,localhost CPU,,,,,true,,0,0,0,0,null,0,0,0
1585653797571,0,localhost Disks I/O,,,,,true,,0,0,0,0,null,0,0,0
1585653798571,64977,localhost Memory,,,,,true,,0,0,0,0,null,0,0,0
1585653798571,4315,localhost CPU,,,,,true,,0,0,0,0,null,0,0,0
1585653798571,0,localhost Disks I/O,,,,,true,,0,0,0,0,null,0,0,0
1585653799571,64977,localhost Memory,,,,,true,,0,0,0,0,null,0,0,0
1585653799571,7423,localhost CPU,,,,,true,,0,0,0,0,null,0,0,0
1585653799571,1000,localhost Disks I/O,,,,,true,,0,0,0,0,null,0,0,0
1585653800572,64975,localhost Memory,,,,,true,,0,0,0,0,null,0,0,0
1585653800572,3900,localhost CPU,,,,,true,,0,0,0,0,null,0,0,0
1585653800572,0,localhost Disks I/O,,,,,true,,0,0,0,0,null,0,0,0
1585653801572,65088,localhost Memory,,,,,true,,0,0,0,0,null,0,0,0
1585653801572,8918,localhost CPU,,,,,true,,0,0,0,0,null,0,0,0
1585653801572,0,localhost Disks I/O,,,,,true,,0,0,0,0,null,0,0,0
1585653802573,65040,localhost Memory,,,,,true,,0,0,0,0,null,0,0,0
1585653802573,29685,localhost CPU,,,,,true,,0,0,0,0,null,0,0,0
1585653802573,0,localhost Disks I/O,,,,,true,,0,0,0,0,null,0,0,0
1585653803573,65007,localhost Memory,,,,,true,,0,0,0,0,null,0,0,0
1585653803573,13403,localhost CPU,,,,,true,,0,0,0,0,null,0,0,0
1585653803573,0,localhost Disks I/O,,,,,true,,0,0,0,0,null,0,0,0
1585653804573,64989,localhost Memory,,,,,true,,0,0,0,0,null,0,0,0
1585653804573,5409,localhost CPU,,,,,true,,0,0,0,0,null,0,0,0
1585653804573,0,localhost Disks I/O,,,,,true,,0,0,0,0,null,0,0,0
1585653805573,64981,localhost Memory,,,,,true,,0,0,0,0,null,0,0,0
1585653805573,7370,localhost CPU,,,,,true,,0,0,0,0,null,0,0,0
1585653805573,0,localhost Disks I/O,,,,,true,,0,0,0,0,null,0,0,0
1585653806574,65002,localhost Memory,,,,,true,,0,0,0,0,null,0,0,0
1585653806574,6323,localhost CPU,,,,,true,,0,0,0,0,null,0,0,0
1585653806574,0,localhost Disks I/O,,,,,true,,0,0,0,0,null,0,0,0
1585653807574,65031,localhost Memory,,,,,true,,0,0,0,0,null,0,0,0
1585653807574,6223,localhost CPU,,,,,true,,0,0,0,0,null,0,0,0
1585653807574,0,localhost Disks I/O,,,,,true,,0,0,0,0,null,0,0,0
